<?xml version="1.0" encoding="utf-8"?>
<eml:eml xmlns:eml="eml://ecoinformatics.org/eml-2.1.1" xmlns:xsi="http://www.w3.org/2001/XMLSchema-instance"
         xsi:schemaLocation="eml://ecoinformatics.org/eml-2.1.1 http://rs.gbif.org/schema/eml-gbif-profile/1.1/eml.xsd"
        packageId="274a36be-0626-41c1-a757-3064e05811a4"  system="http://gbif.org" scope="system"
  xml:lang="en">

<dataset>
      <alternateIdentifier>10.15468/estwpt</alternateIdentifier>
        <alternateIdentifier>http://data.inbo.be/ipt/resource?r=vis-estuarine-occurrences</alternateIdentifier>
        <alternateIdentifier>http://data.inbo.be/ipt/resource.do?r=vis-estuarine-occurrences</alternateIdentifier>
        <alternateIdentifier>274a36be-0626-41c1-a757-3064e05811a4</alternateIdentifier>
    <title>VIS - Fishes in estuarine waters in Flanders, Belgium</title>
    <creator>
    <individualName>
<givenName>Jan</givenName>          <surName>Breine</surName>
    </individualName>
<organizationName>Research Institute for Nature and Forest (INBO)</organizationName><positionName>Researcher</positionName>    <address>
<deliveryPoint>Duboislaan 14</deliveryPoint><city>Groenendaal</city><administrativeArea>Brussels Capital Region</administrativeArea><postalCode>1560</postalCode><country>BELGIUM</country>    </address>
<electronicMailAddress>jan.breine@inbo.be</electronicMailAddress>    </creator>
    <creator>
    <individualName>
<givenName>Hugo</givenName>          <surName>Verreycken</surName>
    </individualName>
<organizationName>Research Institute for Nature and Forest (INBO)</organizationName><positionName>Researcher</positionName>    <address>
<deliveryPoint>Duboislaan 14</deliveryPoint><city>Groenendaal</city><administrativeArea>Brussels Capital Region</administrativeArea><postalCode>1560</postalCode><country>BELGIUM</country>    </address>
<electronicMailAddress>hugo.verreycken@inbo.be</electronicMailAddress>      <userId directory="http://www.researcherid.com/rid/">B-2593-2010</userId>
    </creator>
    <creator>
    <individualName>
<givenName>Tom</givenName>          <surName>De Boeck</surName>
    </individualName>
<organizationName>Research Institute for Nature and Forest (INBO)</organizationName><positionName>Developer</positionName>    <address>
<deliveryPoint>Kliniekstraat 25</deliveryPoint><city>Brussels</city><administrativeArea>Brussels Capital Region</administrativeArea><postalCode>1070</postalCode><country>BELGIUM</country>    </address>
<electronicMailAddress>tom.deboeck@inbo.be</electronicMailAddress>    </creator>
    <creator>
    <individualName>
<givenName>Dimitri</givenName>          <surName>Brosens</surName>
    </individualName>
<organizationName>Research Institute for Nature and Forest (INBO)</organizationName><positionName>Data liaison officer</positionName>    <address>
<deliveryPoint>Kliniekstraat 25</deliveryPoint><city>Brussels</city><administrativeArea>Brussels Capital Region</administrativeArea><postalCode>1070</postalCode><country>BELGIUM</country>    </address>
<electronicMailAddress>dimitri.brosens@inbo.be</electronicMailAddress><onlineUrl>http://www.biodiversity.be</onlineUrl>      <userId directory="http://orcid.org/">0000-0002-0846-9116</userId>
    </creator>
    <creator>
    <individualName>
<givenName>Peter</givenName>          <surName>Desmet</surName>
    </individualName>
<organizationName>Research Institute for Nature and Forest (INBO)</organizationName><positionName>LifeWatch project coordinator</positionName>    <address>
<deliveryPoint>Kliniekstraat 25</deliveryPoint><city>Brussels</city><administrativeArea>Brussels Capital Region</administrativeArea><postalCode>1070</postalCode><country>BELGIUM</country>    </address>
<electronicMailAddress>peter.desmet@inbo.be</electronicMailAddress><onlineUrl>http://lifewatch.inbo.be</onlineUrl>      <userId directory="http://orcid.org/">0000-0002-8442-8025</userId>
    </creator>
    <metadataProvider>
    <individualName>
<givenName>Jan</givenName>          <surName>Breine</surName>
    </individualName>
<organizationName>Research Institute for Nature and Forest (INBO)</organizationName><positionName>Researcher</positionName>    <address>
<deliveryPoint>Duboislaan 14</deliveryPoint><city>Groenendaal</city><administrativeArea>Brussels Capital Region</administrativeArea><postalCode>1560</postalCode><country>BELGIUM</country>    </address>
<electronicMailAddress>jan.breine@inbo.be</electronicMailAddress>    </metadataProvider>
    <metadataProvider>
    <individualName>
<givenName>Dimitri</givenName>          <surName>Brosens</surName>
    </individualName>
<organizationName>Research Institute for Nature and Forest (INBO)</organizationName><positionName>Data liaison officer</positionName>    <address>
<deliveryPoint>Kliniekstraat 25</deliveryPoint><city>Brussels</city><administrativeArea>Brussels Capital Region</administrativeArea><postalCode>1070</postalCode><country>BELGIUM</country>    </address>
<electronicMailAddress>dimitri.brosens@inbo.be</electronicMailAddress><onlineUrl>http://www.biodiversity.be</onlineUrl>      <userId directory="http://orcid.org/">0000-0002-0846-9116</userId>
    </metadataProvider>
    <metadataProvider>
    <individualName>
<givenName>Peter</givenName>          <surName>Desmet</surName>
    </individualName>
<organizationName>Research Institute for Nature and Forest (INBO)</organizationName><positionName>LifeWatch project coordinator</positionName>    <address>
<deliveryPoint>Kliniekstraat 25</deliveryPoint><city>Brussels</city><administrativeArea>Brussels Capital Region</administrativeArea><postalCode>1070</postalCode><country>BELGIUM</country>    </address>
<electronicMailAddress>peter.desmet@inbo.be</electronicMailAddress><onlineUrl>http://lifewatch.inbo.be</onlineUrl>      <userId directory="http://orcid.org/">0000-0002-8442-8025</userId>
    </metadataProvider>
      <pubDate>
      2016-12-21
      </pubDate>
    <language>ENGLISH</language>
    <abstract>
        <para>VIS - Fishes in estuarine waters in Flanders, Belgium is a species occurrence dataset published by the Research Institute for Nature and Forest (INBO) and described in Brosens et al. 2015 (https://doi.org/10.3897/zookeys.475.8556). The dataset contains over 70,000 fish occurrences sampled between 1992 and 2012 from almost 50 locations in the estuaries of the river Yser and the river Scheldt, in Flanders, Belgium. The dataset includes 69 fish species, as well as a number of non-target crustacean species. The data are retrieved from the Fish Information System (VIS), a database set up to monitor the status of fishes and their habitats in Flanders and are collected in support of the Water Framework Directive, the Habitat Directive, certain red lists, and biodiversity research. Additional information, such as measurements, absence information and abiotic data are available upon request. Issues with the dataset can be reported at https://github.com/LifeWatchINBO/data-publication/tree/master/datasets/vis-estuarine-occurrences
Length and weight measurement data of the individual fishes, absence information, occurrence data since 2013, as well as abiotic data of the sampling points (pH, temperature, etc.) are not included in the Darwin Core Archive and are available upon request.
To allow anyone to use this dataset, we have released the data to the public domain under a Creative Commons Zero waiver (http://creativecommons.org/publicdomain/zero/1.0/). We would appreciate however, if you read and follow these norms for data use (http://www.inbo.be/en/norms-for-data-use) and provide a link to the original dataset (https://doi.org/10.15468/estwpt) whenever possible. If you use these data for a scientific paper, please cite the dataset following the applicable citation norms and/or consider us for co-authorship. We are always interested to know how you have used or visualized the data, or to provide more information, so please contact us via the contact information provided in the metadata, opendata&amp;#64;inbo.be or https://twitter.com/LifeWatchINBO.</para>
    </abstract>
        <keywordSet>
              <keyword>Occurrence</keyword>
              <keywordThesaurus>GBIF Dataset Type Vocabulary: http://rs.gbif.org/vocabulary/gbif/dataset_type.xml</keywordThesaurus>
        </keywordSet>
        <keywordSet>
              <keyword>Observation</keyword>
              <keywordThesaurus>GBIF Dataset Subtype Vocabulary: http://rs.gbif.org/vocabulary/gbif/dataset_subtype.xml</keywordThesaurus>
        </keywordSet>
        <keywordSet>
              <keyword>ecosystem functioning</keyword>
              <keyword>fish-based index of biotic integrity</keyword>
              <keyword>brackish water</keyword>
              <keyword>estuary</keyword>
              <keyword>River Yser</keyword>
              <keyword>fish distribution</keyword>
              <keyword>LifeWatch</keyword>
              <keyword>open data</keyword>
              <keyword>River Scheldt</keyword>
              <keywordThesaurus>n/a</keywordThesaurus>
        </keywordSet>
      <additionalInfo>
          <para>To allow anyone to use this dataset, we have released the data to the public domain under a Creative Commons Zero waiver (http://creativecommons.org/publicdomain/zero/1.0/). We would appreciate however, if you read and follow these norms for data use (http://www.inbo.be/en/norms-for-data-use) and provide a link to the original dataset (http://doi.org/10.15468/estwpt) whenever possible. If you use these data for a scientific paper, please cite the dataset following the applicable citation norms and/or consider us for co-authorship. We are always interested to know how you have used or visualized the data, or to provide more information, so please contact us via the contact information provided in the metadata, opendata@inbo.be or https://twitter.com/LifeWatchINBO.

Length and weight measurement data of the individual fishes, absence information, occurrence data since 2013, as well as abiotic data of the sampling points (pH, temperature, etc.) are not included in the Darwin Core Archive and are available upon request.</para>
      </additionalInfo>
      <intellectualRights>
        <para>To the extent possible under law, the publisher has waived all rights to these data and has dedicated them to the <ulink url="http://creativecommons.org/publicdomain/zero/1.0/legalcode"><citetitle>Public Domain (CC0 1.0)</citetitle></ulink>. Users may copy, modify, distribute and use the work, including for commercial purposes, without restriction.</para>
      </intellectualRights>
      <distribution scope="document">
          <online>
              <url function="information">http://vis.milieuinfo.be</url>
          </online>
      </distribution>
      <coverage>
            <geographicCoverage>
                  <geographicDescription>Flanders is one of the three administrative regions in the country of Belgium, located in the centre of Western Europe. The Flemish region is situated in the north of the country and covers an area of 13,522 km² (44,29% of Belgium). Belgium has a temperate maritime climate that is influenced by the North Sea and the Atlantic Ocean with substantial precipitation in all seasons. The summers are moderate and the winters are mild. The two main geographical regions of Flanders are the coastal plain in the North-West and the Central plain, further inland. With 470 inhabitants/km², Flanders is one of the most densely populated areas of Europe. The three major rivers are the River Yser, the River Scheldt, and the River Meuse. All rivers in Flanders flow into the North Sea, but only the River Yser drains directly into the sea within the jurisdiction of Flanders.

The dataset comprises the estuaries of the River Scheldt, including tidal parts of the rivers Rupel, Durme, Zenne, Dijle and Grote Nete, and the River Yser. The River Scheldt is a 435 km long lowland river originating on the plateau of Saint-Quentin near Gouy, a small town in the French department of Aisne. The river enters Belgium close to Tournai. Then the river turns east, in the direction of Antwerp. After crossing the city of Antwerp, the Scheldt enters the Netherlands where it ends in the North Sea near Vlissingen. The tidal influence extends much further land inward than the freshwater-saltwater boundary. As a result, an extensive freshwater region under tidal influence is present. The tidal activity goes as far as Ghent, 160 km from the river mouth, where the tide is stopped by sluices. In the Zeeschelde (the Belgian part of the estuary), three zones are distinguished following the Venice system (1959): a mesohaline zone (5–18 g salt/kg) between Zandvliet and Antwerp, an oligohaline zone (0.5–5 g salt/kg) between Antwerp and Temse, including the Rupel tributary, and a tidal freshwater zone till Ghent including the Durme tributary. The marshes and mudflats create a valuable landscape for biodiversity. The Scheldt estuary is one of the last natural deltas in Western Europe and many areas near its riverbanks are marked as Natura 2000 areas (Figure 7). Especially its freshwater estuary areas are unique.

The River Yser is a 78 km long river originating in Kassel, located in French Flanders. It enters Belgium in the province of West Flanders and drains into the sea near the town of Nieuwpoort. Sea and fresh water meet in an estuary, resulting in 130 hectares of tidal mud flats, salt marshes, dunes, beaches, and polders.</geographicDescription>
                  <boundingCoordinates>
                      <westBoundingCoordinate>2.54</westBoundingCoordinate>
                      <eastBoundingCoordinate>4.59</eastBoundingCoordinate>
                      <northBoundingCoordinate>51.51</northBoundingCoordinate>
                      <southBoundingCoordinate>50.68</southBoundingCoordinate>
                  </boundingCoordinates>
            </geographicCoverage>
          <temporalCoverage>
            <rangeOfDates>
              <beginDate>
                <calendarDate>      1995-04-01
</calendarDate>
              </beginDate>
              <endDate>
                <calendarDate>      2012-11-27
</calendarDate>
              </endDate>
            </rangeOfDates>
          </temporalCoverage>
              <taxonomicCoverage>
                    <generalTaxonomicCoverage>The dataset contains 69 fish species found in the estuaries of the River Yser and the River Scheldt, as well as 9 non-target crustacean species. The class of Actinopterygii is most represented (67 species), along with two Petromyzontida. All the crustaceans in this dataset are from the order of the Decapoda.</generalTaxonomicCoverage>
                    <taxonomicClassification>
                          <taxonRankName>Kingdom</taxonRankName>
                        <taxonRankValue>Animalia</taxonRankValue>
                          <commonName>animals</commonName>
                    </taxonomicClassification>
                    <taxonomicClassification>
                          <taxonRankName>Class</taxonRankName>
                        <taxonRankValue>Actinopterygii</taxonRankValue>
                          <commonName>ray-finned fishes</commonName>
                    </taxonomicClassification>
                    <taxonomicClassification>
                          <taxonRankName>Class</taxonRankName>
                        <taxonRankValue>Petromyzontida</taxonRankValue>
                    </taxonomicClassification>
                    <taxonomicClassification>
                          <taxonRankName>Class</taxonRankName>
                        <taxonRankValue>Malacostraca</taxonRankValue>
                    </taxonomicClassification>
                    <taxonomicClassification>
                          <taxonRankName>Family</taxonRankName>
                        <taxonRankValue>Acipenseridae</taxonRankValue>
                    </taxonomicClassification>
                    <taxonomicClassification>
                          <taxonRankName>Family</taxonRankName>
                        <taxonRankValue>Agonidae</taxonRankValue>
                    </taxonomicClassification>
                    <taxonomicClassification>
                          <taxonRankName>Family</taxonRankName>
                        <taxonRankValue>Ammodytidae</taxonRankValue>
                    </taxonomicClassification>
                    <taxonomicClassification>
                          <taxonRankName>Family</taxonRankName>
                        <taxonRankValue>Anguillidae</taxonRankValue>
                    </taxonomicClassification>
                    <taxonomicClassification>
                          <taxonRankName>Family</taxonRankName>
                        <taxonRankValue>Atherinidae</taxonRankValue>
                    </taxonomicClassification>
                    <taxonomicClassification>
                          <taxonRankName>Family</taxonRankName>
                        <taxonRankValue>Blenniidae</taxonRankValue>
                    </taxonomicClassification>
                    <taxonomicClassification>
                          <taxonRankName>Family</taxonRankName>
                        <taxonRankValue>Callionymidae</taxonRankValue>
                    </taxonomicClassification>
                    <taxonomicClassification>
                          <taxonRankName>Family</taxonRankName>
                        <taxonRankValue>Carangidae</taxonRankValue>
                    </taxonomicClassification>
                    <taxonomicClassification>
                          <taxonRankName>Family</taxonRankName>
                        <taxonRankValue>Centrachidae</taxonRankValue>
                    </taxonomicClassification>
                    <taxonomicClassification>
                          <taxonRankName>Family</taxonRankName>
                        <taxonRankValue>Clupeidae</taxonRankValue>
                    </taxonomicClassification>
                    <taxonomicClassification>
                          <taxonRankName>Family</taxonRankName>
                        <taxonRankValue>Cottidae</taxonRankValue>
                    </taxonomicClassification>
                    <taxonomicClassification>
                          <taxonRankName>Family</taxonRankName>
                        <taxonRankValue>Cyprinidae</taxonRankValue>
                    </taxonomicClassification>
                    <taxonomicClassification>
                          <taxonRankName>Family</taxonRankName>
                        <taxonRankValue>Esocidae</taxonRankValue>
                    </taxonomicClassification>
                    <taxonomicClassification>
                          <taxonRankName>Family</taxonRankName>
                        <taxonRankValue>Gadidae</taxonRankValue>
                    </taxonomicClassification>
                    <taxonomicClassification>
                          <taxonRankName>Family</taxonRankName>
                        <taxonRankValue>Gasterosteidae</taxonRankValue>
                    </taxonomicClassification>
                    <taxonomicClassification>
                          <taxonRankName>Family</taxonRankName>
                        <taxonRankValue>Gobiidae</taxonRankValue>
                    </taxonomicClassification>
                    <taxonomicClassification>
                          <taxonRankName>Family</taxonRankName>
                        <taxonRankValue>Liparidae</taxonRankValue>
                    </taxonomicClassification>
                    <taxonomicClassification>
                          <taxonRankName>Family</taxonRankName>
                        <taxonRankValue>Lotidae</taxonRankValue>
                    </taxonomicClassification>
                    <taxonomicClassification>
                          <taxonRankName>Family</taxonRankName>
                        <taxonRankValue>Moronidae</taxonRankValue>
                    </taxonomicClassification>
                    <taxonomicClassification>
                          <taxonRankName>Family</taxonRankName>
                        <taxonRankValue>Mugilidae</taxonRankValue>
                    </taxonomicClassification>
                    <taxonomicClassification>
                          <taxonRankName>Family</taxonRankName>
                        <taxonRankValue>Mullidae</taxonRankValue>
                    </taxonomicClassification>
                    <taxonomicClassification>
                          <taxonRankName>Family</taxonRankName>
                        <taxonRankValue>Osmeridae</taxonRankValue>
                    </taxonomicClassification>
                    <taxonomicClassification>
                          <taxonRankName>Family</taxonRankName>
                        <taxonRankValue>Percidae</taxonRankValue>
                    </taxonomicClassification>
                    <taxonomicClassification>
                          <taxonRankName>Family</taxonRankName>
                        <taxonRankValue>Pholidae</taxonRankValue>
                    </taxonomicClassification>
                    <taxonomicClassification>
                          <taxonRankName>Family</taxonRankName>
                        <taxonRankValue>Pleuronectidae</taxonRankValue>
                    </taxonomicClassification>
                    <taxonomicClassification>
                          <taxonRankName>Family</taxonRankName>
                        <taxonRankValue>Salmonidae</taxonRankValue>
                    </taxonomicClassification>
                    <taxonomicClassification>
                          <taxonRankName>Family</taxonRankName>
                        <taxonRankValue>Scophthalmidae</taxonRankValue>
                    </taxonomicClassification>
                    <taxonomicClassification>
                          <taxonRankName>Family</taxonRankName>
                        <taxonRankValue>Siluridae</taxonRankValue>
                    </taxonomicClassification>
                    <taxonomicClassification>
                          <taxonRankName>Family</taxonRankName>
                        <taxonRankValue>Soleidae</taxonRankValue>
                    </taxonomicClassification>
                    <taxonomicClassification>
                          <taxonRankName>Family</taxonRankName>
                        <taxonRankValue>Syngnathidae</taxonRankValue>
                    </taxonomicClassification>
                    <taxonomicClassification>
                          <taxonRankName>Family</taxonRankName>
                        <taxonRankValue>Trachinidae</taxonRankValue>
                    </taxonomicClassification>
                    <taxonomicClassification>
                          <taxonRankName>Family</taxonRankName>
                        <taxonRankValue>Triglidae</taxonRankValue>
                    </taxonomicClassification>
                    <taxonomicClassification>
                          <taxonRankName>Family</taxonRankName>
                        <taxonRankValue>Zoarcidae</taxonRankValue>
                    </taxonomicClassification>
                    <taxonomicClassification>
                          <taxonRankName>Family</taxonRankName>
                        <taxonRankValue>Petromyzontidae</taxonRankValue>
                    </taxonomicClassification>
                    <taxonomicClassification>
                          <taxonRankName>Family</taxonRankName>
                        <taxonRankValue>Cambaridae</taxonRankValue>
                    </taxonomicClassification>
                    <taxonomicClassification>
                          <taxonRankName>Family</taxonRankName>
                        <taxonRankValue>Cancridae</taxonRankValue>
                    </taxonomicClassification>
                    <taxonomicClassification>
                          <taxonRankName>Family</taxonRankName>
                        <taxonRankValue>Crangonidae</taxonRankValue>
                    </taxonomicClassification>
                    <taxonomicClassification>
                          <taxonRankName>Family</taxonRankName>
                        <taxonRankValue>Paguridae</taxonRankValue>
                    </taxonomicClassification>
                    <taxonomicClassification>
                          <taxonRankName>Family</taxonRankName>
                        <taxonRankValue>Palaemonidae</taxonRankValue>
                    </taxonomicClassification>
                    <taxonomicClassification>
                          <taxonRankName>Family</taxonRankName>
                        <taxonRankValue>Polybiidae</taxonRankValue>
                    </taxonomicClassification>
                    <taxonomicClassification>
                        <taxonRankValue>Portunidae</taxonRankValue>
                    </taxonomicClassification>
                    <taxonomicClassification>
                        <taxonRankValue>Varunidae</taxonRankValue>
                    </taxonomicClassification>
              </taxonomicCoverage>
      </coverage>
      <purpose>
          <para>The Fish Information System or VIS (http://vis.milieuinfo.be) is a database created by the Research Institute for Nature and Forest (INBO) which is used to monitor the status of fishes and their habitats in Flanders, Belgium and to calculate the biotic integrity (Karr 1981, Belpaire et al. 2000, Breine et al. 2004, 2007, 2010) of fish assemblages. It contains data regarding occurrences, individual morphometrics, stocks, pollutants, indices, and non-native fish species. Sampling has been going on since 1992, the database model was designed in 1994 (Verbiest et al. 1994), the first database developed in 1996 (Verbiest et al. 1996), and the consolidated database set up in 2001. VIS is used for supporting NATURA 2000, an ecological network of protected areas in Europe and to calculate the EQR (Ecological Quality Ratio) in the framework of the EU Water Directive (Directive 2000/60/EC). Further, the database provides updated information for Flemish Red Lists of fishes and lampreys (Verreycken et al. 2014) and on the distribution status of non-native and invasive fish species. The data are also crucial in fish stock management and for reporting on the status of the European eel stock as required by the Eel Regulation (Council Regulation (EC) N° 1100/2007). This dataset is a standardized extraction of all estuarine species occurrences from VIS.</para>
      </purpose>
      <maintenance>
          <description>
              <para></para>
          </description>
          <maintenanceUpdateFrequency>notPlanned</maintenanceUpdateFrequency>
      </maintenance>
      <contact>
    <individualName>
<givenName>Jan</givenName>          <surName>Breine</surName>
    </individualName>
<organizationName>Research Institute for Nature and Forest (INBO)</organizationName><positionName>Researcher</positionName>    <address>
<deliveryPoint>Duboislaan 14</deliveryPoint><city>Groenendaal</city><administrativeArea>Brussels Capital Region</administrativeArea><postalCode>1560</postalCode><country>BELGIUM</country>    </address>
<electronicMailAddress>jan.breine@inbo.be</electronicMailAddress>      </contact>
      <methods>
            <methodStep>
                <description>
                    <para>Water type: Estuaries
Method: fyke fishing, anchor netting, pound netting, electric fishing
Effort: Fykes: 2 paired nets for two successive days per site. Winged fyke: one per site for two successive days. Anchor netting: per site 4 surveys of one hour (two for each tide). Electric fishing: only in flood control areas (250 m shore transects/ha).</para>
                </description>
            </methodStep>
            <sampling>
                <studyExtent>
                    <description>
                        <para>Over 2,000 locations in estuaries, inland rivers, streams, canals, and enclosed waters in Flanders, Belgium have been sampled, from March to November, since 1992. In 2001, these locations were consolidated in a monitoring network (“VISmeetnet”) of 900 sampling points. Four locations in the Yser estuary and 43 locations in the Scheldt were sampled since 1995. While the Yser estuary only covers a small geographical area, the Scheldt estuary is with 33,000 hectares one of the largest estuaries in Europe. It is also one of the few remaining European estuaries that includes the entire gradient from fresh to saltwater tidal areas (Van den Bergh et al. 2009). The 43 sampling locations in the Scheldt estuary are mainly located in the River Scheldt, but also in the Rivers Durme, Rupel, Dijle, Zenne and Nete. The geographic coordinates in the dataset are those of the defined sampling locations (dwc:locationID). However, as these coordinates are not always exact the actual coordinates of the catch, which may be located further up- or downriver, the coordinate uncertainty (dwc:coordinateUncertaintyInMeters) has been set to 250 meter.</para>
                    </description>
                </studyExtent>
                <samplingDescription>
                    <para>Standardized sampling methods were used as described in Belpaire et al. (2000) and Van Thuyne &amp; Breine (2010) and are specified in the dataset as dwc:samplingProtocol. Per water body, the same method was used for each sampling event. The default method is paired fyke netting, which has been intercalibrated by the North East Atlantic Calibration Group, but additional techniques such as anchor netting, seine netting, pound netting, electric fishing, and eel fyke netting were used as well (Breine et al. 2011). All fishes were identified to species level, counted and their length and weight was measured.

Fyke nets are relatively unselective fishing gear catching demersal and pelagic species (Hamerlynck and Hostens 1994) and also they are easy to install in a great variety of habitat types. As few studies compare fyke catches with other gear (e.g. Hinz 1989, Thiel and Potter 2001), we compared presence/absence data obtained with fyke nets with presence/absence data of fish impinged at cooling-water filter screens of the nuclear power plant of Doel situated in the study area. The data was collected in the same period between 1995 and 1998. During this period we collected the same species with both survey methods but the species richness per day per fyke net was generally higher than that obtained on the filter screens (Breine et al. 2007). In addition preliminary results from a gear intercalibration exercise in different estuaries in Ireland (Whyte et al. 2007) indicated that for species diversity, the results of fyke net catches are comparable to those obtained with other gear (beach seine, beam trawl, otter trawl).</para>
                </samplingDescription>
            </sampling>
            <qualityControl>
                <description>
                    <para>Strict field protocols where used. The Manual for Application of the European Fish Index (EFI) (Fame consortium 2004) served as a guideline for electrofishing and was used in support of the EU water framework directive.</para>
                </description>
            </qualityControl>
      </methods>

</dataset>

<additionalMetadata>
    <metadata>
      <gbif>
        <dateStamp>2019-07-04T13:06:10Z</dateStamp>
      <citation identifier="http://doi.org/10.15468/estwpt">Breine J, Verreycken H, De Boeck T, Brosens D, Desmet P (2016). VIS - Fishes in estuarine waters in Flanders, Belgium. Version 9.4. Research Institute for Nature and Forest (INBO). Occurrence dataset https://doi.org/10.15468/estwpt accessed via GBIF.org on 2019-07-04.</citation>
              <bibliography>
      <citation identifier="http://doi.org/10.3897/zookeys.475.8556">Brosens D, Breine J, Van Thuyne G, Belpaire C, Desmet P, Verreycken H (2015) VIS – A database on the distribution of fishes in inland and estuarine waters in Flanders, Belgium. ZooKeys 475: 119-145. doi: 10.3897/zookeys.475.8556</citation>
      <citation identifier="http://doi.org/10.1023/A:1004026121254">Belpaire C, Smolders R, Vanden Auweele I, Erecken D, Breine J, Van Thuyne G, Ollevier F (2000) An Index of Biotic Integrity characterizing fish populations and the ecological quality of Flandrian water bodies. Hydrobiologia 434: 17–33. doi: 10.1023/A:1004026121254</citation>
      <citation identifier="http://doi.org/10.1023/B:HYDR.0000029991.42922.a4">Breine J, Simoens I, Goethals P, Quataert P, Ercken D, Van Liefferinghe C, Belpaire C (2004) A fish-based index of biotic integrity for upstream brooks in Flanders (Belgium). Hydrobiologia 522: 133–148. doi: 10.1023/B:HYDR.0000029991.42922.a4</citation>
      <citation identifier="http://doi.org/10.1007/s10750-006-0357-z">Breine J, Maes J, Quataert P, Van den Bergh E, Simoens I, Van Thuyne G, Belpaire C (2007) A fish-based assessment tool for the ecological quality of the brackish Schelde estuary in Flanders (Belgium). Hydrobiologia 575: 141–159. doi: 10.1007/s10750-006-0357-z</citation>
      <citation>Breine J, Quataert P, Stevens M, Ollevier F, Volckaert FAM, Van den Bergh E, Maes J (2010) A zone-specific fish-based biotic index as a management tool for the Zeeschelde estuary (Belgium). Marine Pollution bulletin 60: 1099–1112.</citation>
      <citation>Breine J, Maes J, Ollevier F, Stevens M (2011) Fish assemblages across a salinity gradient in the Zeeschelde estuary (Belgium). Belgian Journal of Zoologie 141(2): 21–44.</citation>
      <citation>European Commission (2007) Council Regulation (EC) No 1100/2007 of 18 September 2007 establishing measures for the recovery of the stock of European eel. Official Journal of the European Union 22.9.2007 L 248: 17–23.</citation>
      <citation>EU Water Framework Directive (2000) Directive 2000/60/EC of the European Parliament and of the Council of 23 October 2000 establishing a framework for Community action in the field of water policy. Official Journal 22/12/2000 L 327: 0001–0073.</citation>
      <citation>FAME Consortium (2004) Manual for the application of the European Fish Index - EFI. A fish-based method to assess the ecological status of European rivers in support of the Water Framework Directive. Version 1.1, January 2005.</citation>
      <citation identifier="http://doi.org/10.1007/BF00024651">Hamerlynck O, Hostens K (1994) Changes in the fish fauna of the Oosterschelde estuary: a ten-year time series of fyke catches. In: Nienhuis PH et al. (Eds) The Oosterschelde Estuary (The Netherlands): a case-study of a changing ecosystem. Hydrobiologia 97: 497–507. doi: 10.1007/BF00024651</citation>
      <citation identifier="http://doi.org/10.1007/BF02365903">Hinz V (1989) Monitoring the fish fauna in the Wadden sea with special reference to different fishing methods and effects of wind and light on catches. Helgoländer Meeresunters 43: 447–459. doi: 10.1007/BF02365903</citation>
      <citation identifier="http://doi.org/10.1577/1548-8446(1981)006%3C0021:AOBIUF%3E2.0.CO;2">Karr JR (1981) Assessment of biotic integrity using fish communities. Fisheries 6: 21–27. doi: 10.1577/1548-8446(1981)0060021:AOBIUF2.0.CO;2</citation>
      <citation identifier="http://doi.org/10.1007/s002270000491">Thiel R, Potter IC (2001) The ichthyofaunal composition of the Elbe estuary: an analysis in space and time. Marine Biology 138: 603–616. doi: 10.1007/s002270000491</citation>
      <citation>Van den Bergh E, Garniel G, Morris RKA, Barendregt A (2009) Conservation of tidal freshwater wetlands in Europe. In: Barendregt A, Whigham D, Baldwin A (Eds) Tidal Freshwater Wetlands (2009). Backhuys Publishers, Leiden, 241–252.</citation>
      <citation>Van Thuyne G, Breine J (2010) Visbestandopnames in Vlaamse beken en rivieren in het kader van het ‘Meetnet Zoetwatervis’ 2009. Rapporten van het Instituut voor Natuur- en Bosonderzoek, 2010 (42). INBO, Brussel, 196 pp.</citation>
      <citation>Venice system (1959) The final resolution of the symposium on the classification of brackish waters. Archo Oceanography Limnology 11: 243–248. http://www.aslo.org/lo/toc/vol_3/issue_3/0346.pdf</citation>
      <citation>Verbiest H, Belpaire C, Vandenabeele P, Ollevier F (1996) Het in werking stellen van de visdatabank met de nadruk op de gebruiksvriendelijkheid ervan IBW.Wb.V.R.96.042.</citation>
      <citation>Verbiest H, Vandenabeele P, Belpaire C, Ollevier F (1994) Ontwerp van de visdatabank en implementatie van historische en recente gegevens IBW.Wb.V.R.94.029.</citation>
      <citation identifier="http://doi.org/10.1111/fme.12052">Verreycken H, Belpaire C, Van Thuyne G, Breine J, Buysse D, Coeck J, Mouton A, Stevens M, Van den Neucker T, De Bruyn L, Maes D (2014) IUCN Red List of freshwater fishes and lampreys in Flanders (north Belgium). Fisheries Management and Ecology 21: 122–132. doi: 10.1111/fme.12052</citation>
      <citation>Whyte BI, Keirse G, King J (2007) WFD gear intercalibration: an exercise among five NEA GIG teams, October 2006. Report Central Fisheries Board Ireland, 30 pp.</citation>
              </bibliography>
              <resourceLogoUrl>http://data.inbo.be/ipt/logo.do?r=vis-estuarine-occurrences</resourceLogoUrl>
        </gbif>
    </metadata>
</additionalMetadata>

</eml:eml>
