<?xml version="1.0" encoding="utf-8"?>
<eml:eml xmlns:eml="eml://ecoinformatics.org/eml-2.1.1" xmlns:xsi="http://www.w3.org/2001/XMLSchema-instance"
         xsi:schemaLocation="eml://ecoinformatics.org/eml-2.1.1 http://rs.gbif.org/schema/eml-gbif-profile/1.1/eml.xsd"
        packageId="8124cd73-ac84-43d2-ab39-1d80dc346525"  system="http://gbif.org" scope="system"
  xml:lang="en">

<dataset>
      <alternateIdentifier>10.15468/7reil0</alternateIdentifier>
        <alternateIdentifier>https://ipt.inbo.be/resource?r=vissen-natuurpunt-occurrences</alternateIdentifier>
        <alternateIdentifier>8124cd73-ac84-43d2-ab39-1d80dc346525</alternateIdentifier>
        <alternateIdentifier>http://data.inbo.be/ipt/resource?r=vissen-natuurpunt-occurrences</alternateIdentifier>
    <title>Waarnemingen.be - Fish occurrences in Flanders and the Brussels Capital Region, Belgium</title>
    <creator>
    <individualName>
<givenName>Wouter</givenName>          <surName>Vanreusel</surName>
    </individualName>
<organizationName>Natuurpunt Studie</organizationName>    <address>
<country>BELGIUM</country>    </address>
<electronicMailAddress>wouter.vanreusel@natuurpunt.be</electronicMailAddress><onlineUrl>http://www.natuurpunt.be</onlineUrl>    </creator>
    <creator>
    <individualName>
<givenName>Karin</givenName>          <surName>Gielen</surName>
    </individualName>
<organizationName>Natuurpunt Studie</organizationName>    <address>
<country>BELGIUM</country>    </address>
<electronicMailAddress>karin.gielen@natuurpunt.be</electronicMailAddress><onlineUrl>http://www.natuurpunt.be</onlineUrl>    </creator>
    <creator>
    <individualName>
<givenName>Tom</givenName>          <surName>Van den Neucker</surName>
    </individualName>
<organizationName>University of Antwerp, Department of Biology, Ecosystem Management Research Group</organizationName>    <address>
<country>BELGIUM</country>    </address>
<electronicMailAddress>tom.vandenneucker@uantwerpen.be</electronicMailAddress>    </creator>
    <creator>
    <individualName>
<givenName>Robert</givenName>          <surName>Jooris</surName>
    </individualName>
<organizationName>Natuurpunt Studie</organizationName>    <address>
<country>BELGIUM</country>    </address>
<electronicMailAddress>robert.jooris@telenet.be</electronicMailAddress>    </creator>
    <creator>
    <individualName>
<givenName>Peter</givenName>          <surName>Desmet</surName>
    </individualName>
<organizationName>Research Institute for Nature and Forest (INBO)</organizationName>    <address>
<country>BELGIUM</country>    </address>
<electronicMailAddress>peter.desmet@inbo.be</electronicMailAddress>      <userId directory="http://orcid.org/">0000-0002-8442-8025</userId>
    </creator>
    <creator>
<organizationName>all fish observers</organizationName>    <address>
<country>BELGIUM</country>    </address>
<onlineUrl>http://www.waarnemingen.be</onlineUrl>    </creator>
    <metadataProvider>
    <individualName>
<givenName>Wouter</givenName>          <surName>Vanreusel</surName>
    </individualName>
<organizationName>Natuurpunt</organizationName>    <address>
<country>BELGIUM</country>    </address>
<electronicMailAddress>wouter.vanreusel@natuurpunt.be</electronicMailAddress><onlineUrl>http://www.natuurpunt.be</onlineUrl>    </metadataProvider>
    <metadataProvider>
    <individualName>
<givenName>Peter</givenName>          <surName>Desmet</surName>
    </individualName>
<organizationName>Research Institute for Nature and Forest (INBO)</organizationName>    <address>
<country>BELGIUM</country>    </address>
<electronicMailAddress>peter.desmet@inbo.be</electronicMailAddress>      <userId directory="http://orcid.org/">0000-0002-8442-8025</userId>
    </metadataProvider>
      <pubDate>
      2019-05-09
      </pubDate>
    <language>ENGLISH</language>
    <abstract>
        <para>&lt;p&gt;Waarnemingen.be - Fish occurrences in Flanders and the Brussels Capital Region, Belgium is a species occurrence dataset published by Natuurpunt. The dataset contains over 16,000 fish (Actinopterygii, Cephalaspidomorphi, Chondrichthyes, Leptocardii) occurrences of 132 naturally occurring species (native, vagrant or migrant species), recorded by volunteers (citizen scientists), mainly since 2008. The occurrences are derived from the database http://www.waarnemingen.be, hosted at the nature conservation NGO Natuurpunt in collaboration with Stichting Natuurinformatie. Standardized information regarding the occurrence&amp;#39;s sex, lifeStage, behavior, occurrenceRemarks, and samplingProtocol is included as well.&lt;/p&gt;
&lt;p&gt;Generalized and/or withheld information: location information is generalized to 5 x 5 km² Universal Transverse Mercator (UTM) grid cells. Observer name, exact XY-coordinates, toponyms, and photographs are not included in the published dataset, but are known in the source database.&lt;/p&gt;
&lt;p&gt;To allow anyone to use this dataset, we have released the data to the public domain under a Creative Commons Zero waiver (http://creativecommons.org/publicdomain/zero/1.0/). We would appreciate however, if you read and follow these norms for data use (http://www.natuurpunt.be/normen-voor-datagebruik) and provide a link to the original dataset (https://doi.org/10.15468/7reil0) whenever possible. If you use these data for a scientific paper, please cite the dataset following the applicable citation norms and/or consider us for co-authorship. We are always interested to provide more information or know how you have used the data, so please contact us via the contact information provided in the metadata or natuurdata&amp;#64;natuurpunt.be.&lt;/p&gt;
&lt;p&gt;The publication of this dataset is supported by INBO and funded by Research Foundation - Flanders (FWO) as part of the Belgian contribution to LifeWatch.&lt;/p&gt;</para>
    </abstract>
        <keywordSet>
              <keyword>Occurrence</keyword>
              <keywordThesaurus>GBIF Dataset Type Vocabulary: http://rs.gbif.org/vocabulary/gbif/dataset_type.xml</keywordThesaurus>
        </keywordSet>
        <keywordSet>
              <keyword>Observation</keyword>
              <keywordThesaurus>GBIF Dataset Subtype Vocabulary: http://rs.gbif.org/vocabulary/gbif/dataset_subtype.xml</keywordThesaurus>
        </keywordSet>
        <keywordSet>
              <keyword>observation.org</keyword>
              <keyword>fish</keyword>
              <keyword>observations</keyword>
              <keyword>fishermen</keyword>
              <keyword>citizen science</keyword>
              <keyword>waarnemingen.be</keyword>
              <keyword>freshwater</keyword>
              <keyword>distribution</keyword>
              <keyword>marine</keyword>
              <keyword>Natuurpunt</keyword>
              <keywordThesaurus>n/a</keywordThesaurus>
        </keywordSet>
      <intellectualRights>
        <para>To the extent possible under law, the publisher has waived all rights to these data and has dedicated them to the <ulink url="http://creativecommons.org/publicdomain/zero/1.0/legalcode"><citetitle>Public Domain (CC0 1.0)</citetitle></ulink>. Users may copy, modify, distribute and use the work, including for commercial purposes, without restriction.</para>
      </intellectualRights>
      <distribution scope="document">
          <online>
              <url function="information">http://www.waarnemingen.be</url>
          </online>
      </distribution>
      <coverage>
            <geographicCoverage>
                  <geographicDescription>Flanders and the Brussels Capital Region. These regions are situated in the north of Belgium and cover an area of 13,522 km² and 162 km² respectively (13,684 km² in total or 45% of the Belgian territory). Flanders is largely covered by agricultural land and urban areas while the Brussels Capital Region is mainly urban. All occurrence data are generalized to grid cells of 5 x 5 km² of the Universal Transverse Mercator (UTM) coordinate system, with the grid codes indicated in the field verbatimCoordinates. The WGS84 centroids of these grid cells are calculated in decimalLatitude/Longitude with a coordinateUncertaintyInMeters of 3,536 meters using Wieczorek et al. (2004).</geographicDescription>
                  <boundingCoordinates>
                      <westBoundingCoordinate>2.53</westBoundingCoordinate>
                      <eastBoundingCoordinate>5.94</eastBoundingCoordinate>
                      <northBoundingCoordinate>51.51</northBoundingCoordinate>
                      <southBoundingCoordinate>50.67</southBoundingCoordinate>
                  </boundingCoordinates>
            </geographicCoverage>
          <temporalCoverage>
            <rangeOfDates>
              <beginDate>
                <calendarDate>      1927-03-24
</calendarDate>
              </beginDate>
              <endDate>
                <calendarDate>      2018-12-30
</calendarDate>
              </endDate>
            </rangeOfDates>
          </temporalCoverage>
              <taxonomicCoverage>
                    <generalTaxonomicCoverage>The datasets contains 132 naturally occurring fish (Actinopterygii, Cephalaspidomorphi, Elasmobranchii, Leptocardii) species (as well as a number of subspecies, formas and multispecies) recorded in Flanders and the Brussels Capital Region. This includes species that are native, vagrant or migrant. The class Actinopterygii is best represented in this dataset (113 species), in addition to 15 Elasmobranchii (Amblyraja hyperborea, Cetorhinus maximus, Dasyatis pastinaca, Lamna nasus, Leucoraja naevus, Mustelus asterias, Mustelus mustelus, Raja brachyura, Raja clavata, Raja microocellata, Raja montagui, Raja radiata, Raja undulata, Scyliorhinus canicula, Scyliorhinus stellaris), three Cephalaspidomorphi (Lampetra fluviatilis, Lampetra planeri, Petromyzon marinus) and one Leptocardii (Branchiostoma lanceolatum).</generalTaxonomicCoverage>
                    <taxonomicClassification>
                          <taxonRankName>Kingdom</taxonRankName>
                        <taxonRankValue>Animalia</taxonRankValue>
                          <commonName>animals</commonName>
                    </taxonomicClassification>
                    <taxonomicClassification>
                          <taxonRankName>Phylum</taxonRankName>
                        <taxonRankValue>Chordata</taxonRankValue>
                    </taxonomicClassification>
                    <taxonomicClassification>
                          <taxonRankName>Class</taxonRankName>
                        <taxonRankValue>Actinopterygii</taxonRankValue>
                          <commonName>ray-finned fishes</commonName>
                    </taxonomicClassification>
                    <taxonomicClassification>
                          <taxonRankName>Class</taxonRankName>
                        <taxonRankValue>Elasmobranchii</taxonRankValue>
                          <commonName>sharks, rays, skates &amp; sawfish</commonName>
                    </taxonomicClassification>
                    <taxonomicClassification>
                          <taxonRankName>Class</taxonRankName>
                        <taxonRankValue>Cephalaspidomorphi</taxonRankValue>
                          <commonName>Lampreys</commonName>
                    </taxonomicClassification>
                    <taxonomicClassification>
                          <taxonRankName>Class</taxonRankName>
                        <taxonRankValue>Leptocardii</taxonRankValue>
                    </taxonomicClassification>
              </taxonomicCoverage>
      </coverage>
      <maintenance>
          <description>
              <para></para>
          </description>
          <maintenanceUpdateFrequency>annually</maintenanceUpdateFrequency>
      </maintenance>
      <contact>
    <individualName>
<givenName>Marc</givenName>          <surName>Herremans</surName>
    </individualName>
<organizationName>Natuurpunt Studie</organizationName>    <address>
<country>BELGIUM</country>    </address>
<electronicMailAddress>marc.herremans@natuurpunt.be</electronicMailAddress><onlineUrl>http://www.natuurpunt.be</onlineUrl>      </contact>
      <methods>
            <methodStep>
                <description>
                    <para>Not provided.</para>
                </description>
            </methodStep>
            <sampling>
                <studyExtent>
                    <description>
                        <para>See geographic coverage.</para>
                    </description>
                </studyExtent>
                <samplingDescription>
                    <para>The observations (species, date, location, observer) were recorded by volunteers (citizen scientists) at http://www.waarnemingen.be. These consist of a mixture of casual observations of living and dead fish, and catches by different methods.</para>
                </samplingDescription>
            </sampling>
            <qualityControl>
                <description>
                    <para>Recorded data are constantly verified by fish experts taking the observer’s species knowledge, added photographs and known species list of locations into account. The validation procedure from waarnemingen.be consists of an interactive procedure in which observers can be asked for additional information by a team of validators, after which the validator manually adds a validation status. Records that are not manually validated are additionally checked by an automated validation procedure that takes into account the number of manually validated observations within a specified date and distance range. 16% of the observations in this dataset are supported by a photograph on waarnemingen.be. The validation status is indicated in the field identificationVerificationStatus, the link to the original record in references.</para>
                </description>
            </qualityControl>
      </methods>

</dataset>

<additionalMetadata>
    <metadata>
      <gbif>
        <dateStamp>2019-07-04T13:06:10Z</dateStamp>
      <citation identifier="https://doi.org/10.15468/7reil0">Vanreusel W, Gielen K, Van den Neucker T, Jooris R, Desmet P (2019). Waarnemingen.be - Fish occurrences in Flanders and the Brussels Capital Region, Belgium. Version 1.5. Natuurpunt. Occurrence dataset https://doi.org/10.15468/7reil0 accessed via GBIF.org on 2019-07-04.</citation>
              <bibliography>
      <citation>Wieczorek J, Guo QG, Hijmans RJ (2004) The point-radius method for georeferencing locality descriptions and calculating associated uncertainty. International Journal of Geographical Information Science 18: 745–767. https://doi.org/10.1080/13658810412331280211</citation>
              </bibliography>
              <resourceLogoUrl>https://ipt.inbo.be/logo.do?r=vissen-natuurpunt-occurrences</resourceLogoUrl>
        </gbif>
    </metadata>
</additionalMetadata>

</eml:eml>
