<?xml version="1.0" encoding="utf-8"?>
<eml:eml xmlns:eml="eml://ecoinformatics.org/eml-2.1.1" xmlns:xsi="http://www.w3.org/2001/XMLSchema-instance"
         xsi:schemaLocation="eml://ecoinformatics.org/eml-2.1.1 http://rs.gbif.org/schema/eml-gbif-profile/1.1/eml.xsd"
        packageId="b7dd8170-98a0-11de-b4d9-b8a03c50a862"  system="http://gbif.org" scope="system"
  xml:lang="en">

<dataset>
      <alternateIdentifier>10.15468/zavxg7</alternateIdentifier>
        <alternateIdentifier>http://taibif.tw/ipt/resource.do?r=fish</alternateIdentifier>
        <alternateIdentifier>b7dd8170-98a0-11de-b4d9-b8a03c50a862</alternateIdentifier>
        <alternateIdentifier>9093</alternateIdentifier>
    <title>The Fish Database of Taiwan</title>
    <creator>
    <individualName>
<givenName>Kwang-Tsao</givenName>          <surName>Shao</surName>
    </individualName>
<organizationName>Biodiversity Research Center, Academia Sinica</organizationName><positionName>Research Fellow</positionName>    <address>
<deliveryPoint>No. 128, Sec. 2, Academia Rd. Nankang Dist.</deliveryPoint><city>Taipei</city><administrativeArea>TAIWAN</administrativeArea><country>TAIWAN</country>    </address>
<electronicMailAddress>zoskt@gate.sinica.edu.tw</electronicMailAddress>    </creator>
    <metadataProvider>
    <individualName>
<givenName>Hsin-Hua</givenName>          <surName>Lin</surName>
    </individualName>
<organizationName>Biodiversity Research Center, Academia Sinica</organizationName>    <address>
<deliveryPoint>No. 128, Sec. 2, Academia Rd. Nankang Dist.</deliveryPoint><city>Taipei</city><administrativeArea>TAIWAN</administrativeArea><country>TAIWAN</country>    </address>
<electronicMailAddress>linhh@gate.sinica.edu.tw</electronicMailAddress>    </metadataProvider>
    <associatedParty>
    <individualName>
<givenName>Yung-Chang</givenName>          <surName>Lin</surName>
    </individualName>
<organizationName>Biodiversity Research Center, Academia Sinica</organizationName>    <address>
<deliveryPoint>No. 128, Sec. 2, Academia Rd. Nankang, Taipei, TAIWAN, R.O.C</deliveryPoint><country>TAIWAN</country>    </address>
<electronicMailAddress>jacklin480819@gmail.com</electronicMailAddress>    <role>CONTENT_PROVIDER</role>
    </associatedParty>
    <associatedParty>
    <individualName>
<givenName>Pai-Lei</givenName>          <surName>Lin</surName>
    </individualName>
<organizationName>Biodiversity Research Center, Academia Sinica</organizationName>    <address>
<deliveryPoint>No. 128, Sec. 2, Academia Rd. Nankang, Taipei, TAIWAN, R.O.C</deliveryPoint><country>TAIWAN</country>    </address>
<electronicMailAddress>lpllin@gate.sinica.edu.tw</electronicMailAddress>    <role>CONTENT_PROVIDER</role>
    </associatedParty>
    <associatedParty>
    <individualName>
<givenName>Ching-Yi</givenName>          <surName>Chen</surName>
    </individualName>
<organizationName>Biodiversity Research Center, Academia Sinica</organizationName>    <address>
<deliveryPoint>No. 128, Sec. 2, Academia Rd. Nankang, Taipei, TAIWAN, R.O.C</deliveryPoint><country>TAIWAN</country>    </address>
    <role>CONTENT_PROVIDER</role>
    </associatedParty>
    <associatedParty>
    <individualName>
<givenName>Cheng-Yi</givenName>          <surName>Tsai</surName>
    </individualName>
<organizationName>Biodiversity Research Center, Academia Sinica</organizationName>    <address>
<deliveryPoint>No. 128, Sec. 2, Academia Rd. Nankang, Taipei, TAIWAN, R.O.C</deliveryPoint><city>Taipei</city><country>TAIWAN</country>    </address>
    <role>CONTENT_PROVIDER</role>
    </associatedParty>
      <pubDate>
      2014-03-25
      </pubDate>
    <language>ENGLISH</language>
    <abstract>
        <para>The Fish Database of Taiwan is centered on fish taxonomy and includes the following information: (1) basic information about each species of fish (including their scientific names, morphological characteristics, habitats and behavior, and so on) and images (including specimens and ecological photos, X-rays of fish skeletons, and otoliths); (2) specimen data of 10 institutes in Taiwan and those that have been archived overseas; (3) distributional data (about 230,000 entries); (4) bibliography of references related to the fish of Taiwan; (5) other information, such as a gallery of fish photos, rare Chinese characters with the “fish” radical, 9 e-books on fish, an illustrated glossary of fish terms, Taiwan seafood guide, and many others. With the funding from Taiwan e-Learning and Digital Archives Program (TELDAP), all the information is continually updated and can be accessed at http://fishdb.sinica.edu.tw. Currently, The Fish Database of Taiwan contains 3,115 species of fish in Taiwan from 298 families. These numbers do not include unidentified fish species, especially deep-sea fish. In collaboration with the global fish database, FishBase (http://www.fishbase.org), which was developed by the WorldFish Center, The Fish Database of Taiwan has established a Chinese mirror site, through which both databases can access each other’s fish data. Through this collaboration with FishBase, users of other global databases, such as Species 2000, Integrated Taxonomic Information System (ITIS), Global Biodiversity Information Facility (GBIF), and BioNet-International can also access the latest information about the fish of Taiwan.</para>
    </abstract>
        <keywordSet>
              <keyword>Specimen</keyword>
              <keyword>Taxonomy</keyword>
              <keyword>Taiwan</keyword>
              <keyword>Checklist</keyword>
              <keyword>Fish</keyword>
              <keyword>Occurrence</keyword>
              <keywordThesaurus>GBIF Dataset Type Vocabulary: http://rs.gbif.org/vocabulary/gbif/dataset_type.xml</keywordThesaurus>
        </keywordSet>
        <keywordSet>
              <keyword>Specimen</keyword>
              <keywordThesaurus>GBIF Dataset Subtype Vocabulary: http://rs.gbif.org/vocabulary/gbif/dataset_subtype.xml</keywordThesaurus>
        </keywordSet>
      <intellectualRights>
        <para>This work is licensed under a <ulink url="http://creativecommons.org/licenses/by/4.0/legalcode"><citetitle>Creative Commons Attribution (CC-BY) 4.0 License</citetitle></ulink>.</para>
      </intellectualRights>
      <distribution scope="document">
          <online>
              <url function="information">http://fishdb.sinica.edu.tw/eng/home.php</url>
          </online>
      </distribution>
      <coverage>
            <geographicCoverage>
                  <geographicDescription>Marine and fresh waters of Taiwan and the off-shore islands, including Penghu, Kinmen, Matsu, Green Island, Lanyu, Liuqiu, Dongsha Atoll, and Spratly Islands</geographicDescription>
                  <boundingCoordinates>
                      <westBoundingCoordinate>119.73</westBoundingCoordinate>
                      <eastBoundingCoordinate>123.91</eastBoundingCoordinate>
                      <northBoundingCoordinate>26.62</northBoundingCoordinate>
                      <southBoundingCoordinate>19.78</southBoundingCoordinate>
                  </boundingCoordinates>
            </geographicCoverage>
          <temporalCoverage>
            <rangeOfDates>
              <beginDate>
                <calendarDate>      2002-01-01
</calendarDate>
              </beginDate>
              <endDate>
                <calendarDate>      2012-12-31
</calendarDate>
              </endDate>
            </rangeOfDates>
          </temporalCoverage>
      </coverage>
      <contact>
    <individualName>
<givenName>Kwang-Tsao</givenName>          <surName>Shao</surName>
    </individualName>
<organizationName>Biodiversity Research Center, Academia Sinica</organizationName><positionName>Research Fellow</positionName>    <address>
<deliveryPoint>No. 128, Sec. 2, Academia Rd. Nankang Dist.</deliveryPoint><city>Taipei</city><administrativeArea>TAIWAN</administrativeArea><country>TAIWAN</country>    </address>
<electronicMailAddress>zoskt@gate.sinica.edu.tw</electronicMailAddress>      </contact>
      <methods>
            <methodStep>
                <description>
                    <para>null</para>
                </description>
            </methodStep>
            <sampling>
                <studyExtent>
                    <description>
                        <para>The checklists mainly describes the wild fishes collected and found in Taiwan. The specimens cover the collections of adults, juveniles, and eggs of fishes. The morphological characteristics would be measured for every specimen as well as images would be taken, and then the specimen would be preserved in 95% alcohol and/or liquid Nitrogen for the records and further DNA barcoding analysis. The ecological photos and videos are taken under waters periodically, mainly for the coral reef and freshwater fishes. The distributional data (about 230 thousands entries) provide the occurrence records integrated from several different research projects, the subjects included deep-sea fishes, costal and economic fishes, demersal and benthic fishes, Dongsha Atoll fishes, freshwater and endemic fishes.</para>
                    </description>
                </studyExtent>
                <samplingDescription>
                    <para>The fish specimens and distributional data in The Fish Database of Taiwan source from many research projects conducted in the past and now, therefore depending on research subjects and purposes, specimen sampling is conducted by different methods and various fishery gears. For example, bottom and beam trawls are adopted for capturing marine demersal and benthic fishes, gillnets for economic fishes, fishing rods or falling gear for single specific species, light traps and zooplankton nets for fish eggs and larval fishes, fyt net for estuary fishes, electric fishing for river fishes, and even directly purchasing samples at fish markets. The data included in the Fish Database of Taiwan has been collected for more than 30 years even though the Database was late established in1990s, and the archiving is still ongoing.</para>
                </samplingDescription>
            </sampling>
      </methods>

      <project >
          <title>Digital Archives of  Taiwan Fish Database</title>
          <personnel>
    <individualName>
<givenName>Kwang-Tsao</givenName>          <surName>Shao</surName>
    </individualName>
    <role>PRINCIPAL_INVESTIGATOR</role>
          </personnel>
          <abstract>
              <para></para>
          </abstract>
          <funding>
              <para>National Science Council, Executive Yuan, Taiwan
Taiwan e-Learning and Digital Archives Program (TELDAP)</para>
          </funding>
            <studyAreaDescription>
                <descriptor name="generic" citableClassificationSystem="false">
                    <descriptorValue>The checklist, specimens, and images of Taiwan marine and freshwater fishes</descriptorValue>
                </descriptor>
            </studyAreaDescription>
      </project>
</dataset>

<additionalMetadata>
    <metadata>
      <gbif>
        <dateStamp>2019-07-04T12:52:24Z</dateStamp>
      <citation>Shao K, Lin H (2014). The Fish Database of Taiwan. TELDAP. Occurrence dataset https://doi.org/10.15468/zavxg7 accessed via GBIF.org on 2019-07-04.</citation>
        </gbif>
    </metadata>
</additionalMetadata>

</eml:eml>
