<?xml version="1.0" encoding="utf-8"?>
<eml:eml xmlns:eml="eml://ecoinformatics.org/eml-2.1.1" xmlns:xsi="http://www.w3.org/2001/XMLSchema-instance"
         xsi:schemaLocation="eml://ecoinformatics.org/eml-2.1.1 http://rs.gbif.org/schema/eml-gbif-profile/1.1/eml.xsd"
        packageId="10.15468/dl.ps4axk"  system="http://gbif.org" scope="system"
  xml:lang="en">

<dataset>
        <alternateIdentifier>0006569-190621201848488</alternateIdentifier>
    <title>GBIF Occurrence Download 10.15468/dl.ps4axk</title>
    <creator>
    <individualName>
          <surName>GBIF Download Service</surName>
    </individualName>
<electronicMailAddress>support@gbif.org</electronicMailAddress>    </creator>
    <metadataProvider>
    <individualName>
          <surName>GBIF Download Service</surName>
    </individualName>
<electronicMailAddress>support@gbif.org</electronicMailAddress>    </metadataProvider>
      <pubDate>
      2019-07-04
      </pubDate>
    <language>ENGLISH</language>
    <abstract>
        <para>A dataset containing all occurrences available in GBIF matching the query:
{
  &quot;and&quot; : [ &quot;TaxonKey is Istiophorus platypterus (Shaw, 1792)&quot;, &quot;HasCoordinate is true&quot;, &quot;HasGeospatialIssue is false&quot; ]
}
The dataset includes records from the following constituent datasets. The full metadata for each constituent is also included in this archive:
1 records from Paleobiology Database
1 records from Fish collection of National Museum of Nature and Science
1 records from ALA species sightings and OzAtlas
1 records from IndOBIS, Indian Ocean Node of OBIS
1 records from Fish Collection of Natural History Museum and Institute, Chiba
1 records from USGS Patuxent Wildlife Research Center Seabirds Compendium
1 records from The Fish Database of Taiwan
1 records from Oregon State Ichthyology Collection
1 records from Bernice P. Bishop Museum
1 records from Paleobiology Database
1 records from Ampliación de la base de datos de la ictiofauna insular del Golfo de California
1 records from UAIC Ichthyological Collection
1 records from Marine biological observation data from coastal and offshore surveys around New Zealand
1 records from Diversidade e ocorrência de peixes na Zambézia (2003-2016)
1 records from Inventario de Peces del SFF Isla Malpelo, Proyecto Colombia Bio
2 records from Taxonomía y sistemática de la Ictiofauna de la Bahía de Banderas del Estado de Nayarit, México
2 records from Códigos de barras de la vida en peces y zooplancton de México
2 records from CSIRO Ichthyology provider for OZCAM
2 records from CUMV Fish Collection
2 records from Pelagic fish food web linkages, Queensland, Australia (2003-2005)
2 records from Museum of Comparative Zoology, Harvard University
2 records from Ichthyology Collection - Royal Ontario Museum
2 records from University of Michigan Museum of Zoology, Division of Fishes
2 records from Diveboard - Scuba diving citizen science observations
3 records from Formación de una base de datos de la biodiversidad de fauna marina y costera en el Golfo de California
3 records from The Pisces Collection at the Staatssammlung für Anthropologie und Paläoanatomie München
3 records from The fishes collection (IC) of the Muséum national d&apos;Histoire naturelle (MNHN - Paris)
3 records from Western Australian Museum provider for OZCAM
5 records from Northern Territory Museum and Art Gallery provider for OZCAM
6 records from Fish specimens of Kagoshima University Museum
7 records from NMNH Extant Specimen Records
7 records from Queensland Museum provider for OZCAM
7 records from Programme Ecoscope: données d&apos;observations des écosystèmes marins exploités
7 records from NCSM Ichthyology Collection
8 records from CSIRO, Rachel Cruises, Shark Data, Arafura Sea, North Australia, 1984
8 records from Taiwan Fisheries Research Institute – Digital archives of coastal and offshore specimens
8 records from Fishbase
8 records from iNaturalist Research-grade Observations
10 records from Geographically tagged INSDC sequences
10 records from CAS Ichthyology (ICH)
15 records from International Barcode of Life project (iBOL)
20 records from UF FLMNH Ichthyology
20 records from Diversidade e ocorrência de peixes em Inhambane (2009-2017)
23 records from Fortalecimiento de las colecciones de ECOSUR. Primera fase
27 records from observe_tuna_bycatch_ecoscope
31 records from Australian Museum provider for OZCAM
37 records from New Zealand research tagging database
39 records from SIO Marine Vertebrate Collection
60 records from LACM Vertebrate Collection
127 records from Florida Keys Reef Visual Census 1994
152 records from Florida Keys Reef Visual Census 1996
244 records from Florida Keys Reef Visual Census 2004
270 records from Bureau of Rural Sciences, Commercial Fisheries Presence, Australia, 2000-2002
292 records from Florida Keys Reef Visual Census 1995
328 records from Dry Tortugas Reef Visual Census 1999
409 records from Florida Keys Reef Visual Census 1997
434 records from Florida Keys Reef Visual Census 2003
441 records from Florida Keys Reef Visual Census 1999
462 records from Florida Keys Reef Visual Census 1998
485 records from Dry Tortugas Reef Visual Census 2006
498 records from Florida Keys Reef Visual Census 2005
528 records from Florida Keys Reef Visual Census 2000
578 records from Dry Tortugas Reef Visual Census 2004
594 records from Florida Keys Reef Visual Census 2006
615 records from Florida Keys Reef Visual Census 2007
654 records from Dry Tortugas Reef Visual Census 2008
670 records from Florida Keys Reef Visual Census 2002
704 records from Dry Tortugas Reef Visual Census 2010
705 records from Dry Tortugas Reef Visual Census 2014
736 records from Florida Keys Reef Visual Census 2008
741 records from Florida Keys Reef Visual Census 2010
743 records from Florida Keys Reef Visual Census 2001
790 records from Florida Keys Reef Visual Census 2011
804 records from Florida Keys Reef Visual Census 2012
814 records from Dry Tortugas Reef Visual Census 2012
1006 records from Florida Keys Reef Visual Census 2009
1449 records from ecoscope_observation_database
</para>
    </abstract>
      <contact>
    <individualName>
          <surName>GBIF Download Service</surName>
    </individualName>
<electronicMailAddress>support@gbif.org</electronicMailAddress>      </contact>

</dataset>

<additionalMetadata>
    <metadata>
      <gbif>
        <dateStamp>2019-07-04T12:52:30Z</dateStamp>
      <citation identifier="10.15468/dl.ps4axk">GBIF Occurrence Download 10.15468/dl.ps4axk</citation>
              <physical>
                  <objectName>Darwin Core Archive</objectName>
                  <characterEncoding>UTF-8</characterEncoding>
                  <dataFormat>
                      <externallyDefinedFormat>
                          <formatName>Darwin Core Archive</formatName>
                      </externallyDefinedFormat>
                  </dataFormat>
                  <distribution>
                      <online>
                          <url function="download">http://api.gbif.org/v1/occurrence/download/request/0006569-190621201848488.zip</url>
                      </online>
                  </distribution>
              </physical>
        </gbif>
    </metadata>
</additionalMetadata>

</eml:eml>
