<?xml version="1.0" encoding="utf-8"?>
<eml:eml xmlns:eml="eml://ecoinformatics.org/eml-2.1.1" xmlns:xsi="http://www.w3.org/2001/XMLSchema-instance"
         xsi:schemaLocation="eml://ecoinformatics.org/eml-2.1.1 http://rs.gbif.org/schema/eml-gbif-profile/1.1/eml.xsd"
        packageId="8598edb6-f762-11e1-a439-00145eb45e9a"  system="http://gbif.org" scope="system"
  xml:lang="en">

<dataset>
      <alternateIdentifier>10.15468/tbedgi</alternateIdentifier>
        <alternateIdentifier>1471</alternateIdentifier>
    <title>IndOBIS, Indian Ocean Node of OBIS</title>
    <associatedParty>
    <individualName>
          <surName>Asavari Navlakhe</surName>
    </individualName>
<electronicMailAddress>ar.navlakhe@ncl.res.in</electronicMailAddress>    <role>TECHNICAL_POINT_OF_CONTACT</role>
    </associatedParty>
    <language>ENGLISH</language>
    <abstract>
        <para></para>
    </abstract>
      <intellectualRights>
        <para>This work is licensed under a <ulink url="http://creativecommons.org/licenses/by/4.0/legalcode"><citetitle>Creative Commons Attribution (CC-BY) 4.0 License</citetitle></ulink>.</para>
      </intellectualRights>
      <maintenance>
          <description>
              <para></para>
          </description>
          <maintenanceUpdateFrequency>unkown</maintenanceUpdateFrequency>
      </maintenance>
      <contact>
    <individualName>
          <surName>Vishwas Chavan</surName>
    </individualName>
    <address>
<deliveryPoint>Universitetsparken 15, DK 2100,  DK</deliveryPoint>    </address>
<phone>+45 35 32 14 75</phone><electronicMailAddress>vchavan@gbif.org</electronicMailAddress>      </contact>
      <contact>
    <individualName>
          <surName>Vishwas Chavan</surName>
    </individualName>
<electronicMailAddress>vs.chavan@ncl.res.in</electronicMailAddress>      </contact>

</dataset>

<additionalMetadata>
    <metadata>
      <gbif>
        <dateStamp>2019-07-04T12:57:16Z</dateStamp>
      <citation>National Chemical Laboratory. IndOBIS, Indian Ocean Node of OBIS. Occurrence dataset https://doi.org/10.15468/tbedgi accessed via GBIF.org on 2019-07-04.</citation>
              <physical>
                  <objectName>GBIF Occurrence Download</objectName>
                  <characterEncoding>UTF-8</characterEncoding>
                  <dataFormat>
                      <externallyDefinedFormat>
                          <formatName>Darwin Core Archive</formatName>
                      </externallyDefinedFormat>
                  </dataFormat>
                  <distribution>
                      <online>
                          <url function="download">http://api.gbif.org/v1/occurrence/download/request/0012262-180131172636756.zip</url>
                      </online>
                  </distribution>
              </physical>
        </gbif>
    </metadata>
</additionalMetadata>

</eml:eml>
