<?xml version="1.0" encoding="utf-8"?>
<eml:eml xmlns:eml="eml://ecoinformatics.org/eml-2.1.1" xmlns:xsi="http://www.w3.org/2001/XMLSchema-instance"
         xsi:schemaLocation="eml://ecoinformatics.org/eml-2.1.1 http://rs.gbif.org/schema/eml-gbif-profile/1.1/eml.xsd"
        packageId="7bd65a7a-f762-11e1-a439-00145eb45e9a"  system="http://gbif.org" scope="system"
  xml:lang="en">

<dataset>
      <alternateIdentifier>10.15468/hja69f</alternateIdentifier>
        <alternateIdentifier>http://ipt.mobot.org:8080/ipt/resource?r=tropicosspecimens</alternateIdentifier>
        <alternateIdentifier>7bd65a7a-f762-11e1-a439-00145eb45e9a</alternateIdentifier>
        <alternateIdentifier>12084</alternateIdentifier>
    <title>Tropicos Specimen Data</title>
    <creator>
    <individualName>
<givenName>Jim</givenName>          <surName>Solomon</surName>
    </individualName>
<organizationName>Missouri Botanical Garden</organizationName><positionName>Associate Curator and Curator of the Herbarium Research</positionName><electronicMailAddress>jim.solomon@mobot.org</electronicMailAddress>    </creator>
    <metadataProvider>
    <individualName>
<givenName>Heather</givenName>          <surName>Stimmel</surName>
    </individualName>
<organizationName>Missouri Botanical Garden</organizationName><positionName>Programmer Analyst</positionName><electronicMailAddress>heather.stimmel@mobot.org</electronicMailAddress>    </metadataProvider>
    <associatedParty>
    <individualName>
<givenName>Heather</givenName>          <surName>Stimmel</surName>
    </individualName>
<electronicMailAddress>heather.stimmel@mobot.org</electronicMailAddress>    <role>USER</role>
    </associatedParty>
      <pubDate>
      2021-09-24
      </pubDate>
    <language>ENGLISH</language>
    <abstract>
        <para>The Missouri Botanical Garden’s Herbarium is one of the world’s outstanding research resources for specimens and information on bryophytes and vascular plants. The collection is limited to these two major groups of plants. As of 31 December 2020 the herbarium collection had 6.93 million mounted specimens (6.33 million vascular plants and 598,000 bryophytes). This specimen dataset includes over 4.7 million records (4.3 million vascular plants and 380,000 bryophytes).</para>
    </abstract>
        <keywordSet>
              <keyword>Occurrence</keyword>
              <keywordThesaurus>GBIF Dataset Type Vocabulary: http://rs.gbif.org/vocabulary/gbif/dataset_type.xml</keywordThesaurus>
        </keywordSet>
        <keywordSet>
              <keyword>Specimen</keyword>
              <keywordThesaurus>GBIF Dataset Subtype Vocabulary: http://rs.gbif.org/vocabulary/gbif/dataset_subtype.xml</keywordThesaurus>
        </keywordSet>
      <intellectualRights>
        <para>This work is licensed under a <ulink url="http://creativecommons.org/licenses/by/4.0/legalcode"><citetitle>Creative Commons Attribution (CC-BY) 4.0 License</citetitle></ulink>.</para>
      </intellectualRights>
      <maintenance>
          <description>
              <para></para>
          </description>
          <maintenanceUpdateFrequency>weekly</maintenanceUpdateFrequency>
      </maintenance>
      <contact>
    <individualName>
<givenName>Jim</givenName>          <surName>Solomon</surName>
    </individualName>
<organizationName>Missouri Botanical Garden</organizationName><positionName>Associate Curator and Curator of the Herbarium Research</positionName><electronicMailAddress>jim.solomon@mobot.org</electronicMailAddress>      </contact>

</dataset>

<additionalMetadata>
    <metadata>
      <gbif>
        <dateStamp>2022-03-02T12:04:58Z</dateStamp>
      <citation>Solomon J, Stimmel H (2021). Tropicos Specimen Data. Missouri Botanical Garden. Occurrence dataset https://doi.org/10.15468/hja69f accessed via GBIF.org on 2022-03-02.</citation>
      </gbif>
    </metadata>
</additionalMetadata>

</eml:eml>
