<?xml version="1.0" encoding="utf-8"?>
<eml:eml xmlns:eml="eml://ecoinformatics.org/eml-2.1.1" xmlns:xsi="http://www.w3.org/2001/XMLSchema-instance"
         xsi:schemaLocation="eml://ecoinformatics.org/eml-2.1.1 http://rs.gbif.org/schema/eml-gbif-profile/1.1/eml.xsd"
        packageId="10.15468/dl.crapuf"  system="http://gbif.org" scope="system"
  xml:lang="en">

<dataset>
        <alternateIdentifier>0006567-190621201848488</alternateIdentifier>
    <title>GBIF Occurrence Download 10.15468/dl.crapuf</title>
    <creator>
    <individualName>
          <surName>GBIF Download Service</surName>
    </individualName>
<electronicMailAddress>support@gbif.org</electronicMailAddress>    </creator>
    <metadataProvider>
    <individualName>
          <surName>GBIF Download Service</surName>
    </individualName>
<electronicMailAddress>support@gbif.org</electronicMailAddress>    </metadataProvider>
      <pubDate>
      2019-07-04
      </pubDate>
    <language>ENGLISH</language>
    <abstract>
        <para>A dataset containing all occurrences available in GBIF matching the query:
{
  &quot;and&quot; : [ &quot;TaxonKey is Istiompax indica (Cuvier, 1832)&quot;, &quot;HasCoordinate is true&quot;, &quot;HasGeospatialIssue is false&quot; ]
}
The dataset includes records from the following constituent datasets. The full metadata for each constituent is also included in this archive:
1 records from Paleobiology Database
1 records from Paleobiology Database
1 records from Formación de una base de datos de la biodiversidad de fauna marina y costera en el Golfo de California
1 records from Programme Ecoscope: données d&apos;observations des écosystèmes marins exploités (Réunion)
1 records from South Australian Museum Australia provider for OZCAM
1 records from Museums Victoria provider for OZCAM
1 records from Tasmanian Museum and Art Gallery provider for OZCAM
1 records from Inventario de Peces del SFF Isla Malpelo, Proyecto Colombia Bio
2 records from Taxonomía y sistemática de la Ictiofauna de la Bahía de Banderas del Estado de Nayarit, México
2 records from IndOBIS, Indian Ocean Node of OBIS
2 records from Códigos de barras de la vida en peces y zooplancton de México
2 records from Pelagic fish food web linkages, Queensland, Australia (2003-2005)
2 records from CAS Ichthyology (ICH)
2 records from Fortalecimiento de las colecciones de ECOSUR. Primera fase
3 records from Northern Territory Museum and Art Gallery provider for OZCAM
4 records from UF FLMNH Ichthyology
4 records from iNaturalist Research-grade Observations
4 records from Western Australian Museum provider for OZCAM
5 records from Queensland Museum provider for OZCAM
5 records from Asia-Pacific Dataset
6 records from Geographically tagged INSDC sequences
7 records from Diversidade e ocorrência de peixes em Inhambane (2009-2017)
7 records from Diversidade e ocorrência de peixes na Zambézia (2003-2016)
8 records from CSIRO, Rachel Cruises, Shark Data, Arafura Sea, North Australia, 1984
10 records from International Barcode of Life project (iBOL)
13 records from LACM Vertebrate Collection
36 records from New Zealand research tagging database
60 records from Australian Museum provider for OZCAM
128 records from observe_tuna_bycatch_ecoscope
180 records from ecoscope_observation_database
336 records from Bureau of Rural Sciences, Commercial Fisheries Presence, Australia, 2000-2002
</para>
    </abstract>
      <contact>
    <individualName>
          <surName>GBIF Download Service</surName>
    </individualName>
<electronicMailAddress>support@gbif.org</electronicMailAddress>      </contact>

</dataset>

<additionalMetadata>
    <metadata>
      <gbif>
        <dateStamp>2019-07-04T12:49:55Z</dateStamp>
      <citation identifier="10.15468/dl.crapuf">GBIF Occurrence Download 10.15468/dl.crapuf</citation>
              <physical>
                  <objectName>Darwin Core Archive</objectName>
                  <characterEncoding>UTF-8</characterEncoding>
                  <dataFormat>
                      <externallyDefinedFormat>
                          <formatName>Darwin Core Archive</formatName>
                      </externallyDefinedFormat>
                  </dataFormat>
                  <distribution>
                      <online>
                          <url function="download">http://api.gbif.org/v1/occurrence/download/request/0006567-190621201848488.zip</url>
                      </online>
                  </distribution>
              </physical>
        </gbif>
    </metadata>
</additionalMetadata>

</eml:eml>
