<?xml version="1.0" encoding="utf-8"?>
<eml:eml xmlns:eml="eml://ecoinformatics.org/eml-2.1.1" xmlns:xsi="http://www.w3.org/2001/XMLSchema-instance"
         xsi:schemaLocation="eml://ecoinformatics.org/eml-2.1.1 http://rs.gbif.org/schema/eml-gbif-profile/1.1/eml.xsd"
        packageId="10.15468/dl.lnwf6a"  system="http://gbif.org" scope="system"
  xml:lang="en">

<dataset>
        <alternateIdentifier>0006571-190621201848488</alternateIdentifier>
    <title>GBIF Occurrence Download 10.15468/dl.lnwf6a</title>
    <creator>
    <individualName>
          <surName>GBIF Download Service</surName>
    </individualName>
<electronicMailAddress>support@gbif.org</electronicMailAddress>    </creator>
    <metadataProvider>
    <individualName>
          <surName>GBIF Download Service</surName>
    </individualName>
<electronicMailAddress>support@gbif.org</electronicMailAddress>    </metadataProvider>
      <pubDate>
      2019-07-04
      </pubDate>
    <language>ENGLISH</language>
    <abstract>
        <para>A dataset containing all occurrences available in GBIF matching the query:
{
  &quot;and&quot; : [ &quot;TaxonKey is Kajikia albida (Poey, 1860)&quot;, &quot;HasCoordinate is true&quot;, &quot;HasGeospatialIssue is false&quot; ]
}
The dataset includes records from the following constituent datasets. The full metadata for each constituent is also included in this archive:
1 records from Paleobiology Database
1 records from KUBI Ichthyology Collection
1 records from Paleobiology Database
1 records from SIO Marine Vertebrate Collection
1 records from Colección de referencia de otolitos, Instituto de Ciencias del Mar-CSIC
1 records from NCSM Ichthyology Collection
1 records from Fishes of Ghana
1 records from Museum of Comparative Zoology, Harvard University
1 records from KUBI Ichthyology Tissue Collection
1 records from University of Michigan Museum of Zoology, Division of Fishes
1 records from Diveboard - Scuba diving citizen science observations
2 records from NMNH Extant Specimen Records
3 records from Ichthyology Collection - Royal Ontario Museum
4 records from observe_tuna_bycatch_ecoscope
7 records from Programme Ecoscope: données d&apos;observations des écosystèmes marins exploités
8 records from Fortalecimiento de las colecciones de ECOSUR. Primera fase
9 records from UF FLMNH Ichthyology
11 records from LACM Vertebrate Collection
18 records from Códigos de barras de la vida en peces y zooplancton de México
26 records from International Barcode of Life project (iBOL)
32 records from Geographically tagged INSDC sequences
46 records from ecoscope_observation_database
</para>
    </abstract>
      <contact>
    <individualName>
          <surName>GBIF Download Service</surName>
    </individualName>
<electronicMailAddress>support@gbif.org</electronicMailAddress>      </contact>

</dataset>

<additionalMetadata>
    <metadata>
      <gbif>
        <dateStamp>2019-07-04T12:53:55Z</dateStamp>
      <citation identifier="10.15468/dl.lnwf6a">GBIF Occurrence Download 10.15468/dl.lnwf6a</citation>
              <physical>
                  <objectName>Darwin Core Archive</objectName>
                  <characterEncoding>UTF-8</characterEncoding>
                  <dataFormat>
                      <externallyDefinedFormat>
                          <formatName>Darwin Core Archive</formatName>
                      </externallyDefinedFormat>
                  </dataFormat>
                  <distribution>
                      <online>
                          <url function="download">http://api.gbif.org/v1/occurrence/download/request/0006571-190621201848488.zip</url>
                      </online>
                  </distribution>
              </physical>
        </gbif>
    </metadata>
</additionalMetadata>

</eml:eml>
