<?xml version="1.0" encoding="utf-8"?>
<eml:eml xmlns:eml="eml://ecoinformatics.org/eml-2.1.1" xmlns:xsi="http://www.w3.org/2001/XMLSchema-instance"
         xsi:schemaLocation="eml://ecoinformatics.org/eml-2.1.1 http://rs.gbif.org/schema/eml-gbif-profile/1.1/eml.xsd"
        packageId="10.15468/dl.eabzvg"  system="http://gbif.org" scope="system"
  xml:lang="en">

<dataset>
        <alternateIdentifier>0006587-190621201848488</alternateIdentifier>
    <title>GBIF Occurrence Download 10.15468/dl.eabzvg</title>
    <creator>
    <individualName>
          <surName>GBIF Download Service</surName>
    </individualName>
<electronicMailAddress>support@gbif.org</electronicMailAddress>    </creator>
    <metadataProvider>
    <individualName>
          <surName>GBIF Download Service</surName>
    </individualName>
<electronicMailAddress>support@gbif.org</electronicMailAddress>    </metadataProvider>
      <pubDate>
      2019-07-04
      </pubDate>
    <language>ENGLISH</language>
    <abstract>
        <para>A dataset containing all occurrences available in GBIF matching the query:
{
  &quot;and&quot; : [ &quot;TaxonKey is Trachurus trachurus (Linnaeus, 1758)&quot;, &quot;HasCoordinate is true&quot;, &quot;HasGeospatialIssue is false&quot; ]
}
The dataset includes records from the following constituent datasets. The full metadata for each constituent is also included in this archive:
1 records from KUBI Ichthyology Collection
1 records from Marine Data from The Wildlife Trusts (TWT) Dive Team; 2014-2017
1 records from SIO Marine Vertebrate Collection
1 records from UF FLMNH Ichthyology
1 records from Species data for Scottish waters held and managed by Scottish Natural Heritage,  derived from benthic surveys 1993 to 2014
1 records from Marine sites, habitats and species data collected during the BioMar survey of Ireland.
1 records from Marine Nature Conservation Review (MNCR) and associated benthic marine data held and managed by JNCC
1 records from BioFokus
1 records from Fishes of Ghana
1 records from Marine sites, habitats and species data collected during the BioMar survey of Ireland.
1 records from Ichthyological Collection of the Museu Oceanográfico D. Carlos I
1 records from DASSH Data Archive Centre volunteer survey data
2 records from Abundance of benthic infauna in surface sediments from the North Sea sampled during Walther Herwig cruise WH220
2 records from Atlantic Reference Centre Museum of Canadian Atlantic Organisms - Invertebrates and Fishes Data
2 records from Fish collection of National Museum of Nature and Science
2 records from Merseyside BioBank (unverified)
2 records from Données naturalistes de Pierre NOEL (stage)
2 records from Colección de Fauna Marina del Centro Oceanográfico de Málaga (I.E.O.): CFM-IEOMA
2 records from University of Michigan Museum of Zoology, Division of Fishes
2 records from Diversidade e ocorrência de peixes na Zambézia (2003-2016)
3 records from Verified Marine records from Indicia-based surveys
3 records from Field Museum of Natural History (Zoology) Fish Collection
3 records from Coleção Ictiológica (MNRJ), Museu Nacional (MN), Universidade Federal do Rio de Janeiro(UFRJ)
3 records from Données d&apos;occurrences Espèces issues de l&apos;inventaire des ZNIEFF
3 records from RAVON (NL) - Fish observations extracted from Redeke (1907)
3 records from Artportalen (Swedish Species Observation System)
3 records from Reef Life Survey: Global reef fish dataset
3 records from Marine Records from Pembrokeshire Marine Species Atlas
3 records from Natural History Museum Rotterdam (NL) - Chordata collection
4 records from Abundance of benthic infauna in surface sediments from the North Sea sampled during cruise Dana00/5
4 records from Abundance of benthic infauna in surface sediments from the North Sea sampled during cruise Tridens00/5
4 records from Diversidade e ocorrência de peixes em Inhambane (2009-2017)
4 records from LACM Vertebrate Collection
4 records from Larval fish at time series station Helgoland Roads, North Sea, in 2005
5 records from Naturalis Biodiversity Center (NL) - Pisces
5 records from KUBI Ichthyology Tissue Collection
5 records from naturgucker
6 records from Abundance of benthic infauna in surface sediments from the North Sea sampled during cruise Cirolana00/5
6 records from IOW Natural History &amp; Archaeological Society Marine Records
6 records from Museu de Ciències Naturals de Barcelona: MCNB-Cord
7 records from NMNH Extant Specimen Records
7 records from Vertebrate Zoology Division - Ichthyology, Yale Peabody Museum
7 records from Data collected during the expeditions of the e-learning projects Expedition Zeeleeuw and Planet Ocean
7 records from The Fish Collection at the Zoologische Staatssammlung München
7 records from iNaturalist Research-grade Observations
8 records from VIS - Fishes in estuarine waters in Flanders, Belgium
9 records from Zooplankton monitoring in the Belgian Part of the North Sea between 2009 and 2010
10 records from Epibenthos and demersal fish monitoring in function of dredge disposal monitoring in the Belgian part of the North Sea
10 records from The Pisces Collection at the Staatssammlung für Anthropologie und Paläoanatomie München
10 records from Trawl-survey data in the Adriatic Sea (Mediterranean) collected in 1972, 1975 and 1981
10 records from Lund Museum of Zoology (MZLU)
11 records from Fish:  Records for Kent.
13 records from Waarnemingen.be - Fish occurrences in Flanders and the Brussels Capital Region, Belgium
13 records from Colección de referencia de otolitos, Instituto de Ciencias del Mar-CSIC
13 records from Seasearch Marine Surveys in England
13 records from CAS Ichthyology (ICH)
15 records from Données BioObs - Base pour l’Inventaire des Observations Subaquatiques de la FFESSM
16 records from Fish collection NTNU University Museum
16 records from Museum of Comparative Zoology, Harvard University
18 records from Collection Pisces SMF
18 records from Fish collection, Natural History Museum, University of Oslo
18 records from Natural History Museum (London) Collection Specimens
21 records from Biological Reference Collections ICM CSIC
22 records from Environment Agency Rare and Protected Species Records
22 records from The fishes collection (IC) of the Muséum national d&apos;Histoire naturelle (MNHN - Paris)
29 records from Epibenthos and demersal fish monitoring data in function of wind energy development in the Belgian part of the North Sea
30 records from Fishbase
39 records from Trawl-survey data in the central-eastern Adriatic Sea (Mediterranean) collected in 1957 and 1958
43 records from Epibenthos and demersal fish monitoring in function of aggregate extraction in the Belgian part of the North Sea
46 records from Occurrence records of southern African aquatic biodiversity
54 records from Larval fish at time series station Helgoland Roads, North Sea, in 2004
54 records from Larval fish at time series station Helgoland Roads, North Sea, in 2003
61 records from Données naturalistes de Jean-Jacques RIUTORT
62 records from Norwegian Species Observation Service
64 records from Trawl-survey data from the “expedition Hvar” in the Adriatic Sea (Mediterranean) collected in 1948-1949
68 records from International Barcode of Life project (iBOL)
75 records from Epibenthos and demersal fish monitoring at long-term monitoring stations in the Belgian part of the North Sea
92 records from Geographically tagged INSDC sequences
100 records from SLU Aqua Institute of Coastal Research Database for Coastal Fish - KUL
128 records from Observation.org, Nature data from the Netherlands
218 records from Distribution of 15 major fish species in the North Sea between 1959 and 1979
225 records from Trawl survey data from the Jabuka Pit area (central-eastern Adriatic Sea, Mediterranean) collected between 1956 and 1971
578 records from Banco de Datos de la Biodiversidad de la Comunitat Valenciana
1040 records from FBIP:SAEON: Historical Research Survey Database (1897-1949)
7067 records from Royal Netherlands Institute for Sea Research (NIOZ) - Kom Fyke Mokbaai
</para>
    </abstract>
      <contact>
    <individualName>
          <surName>GBIF Download Service</surName>
    </individualName>
<electronicMailAddress>support@gbif.org</electronicMailAddress>      </contact>

</dataset>

<additionalMetadata>
    <metadata>
      <gbif>
        <dateStamp>2019-07-04T13:06:13Z</dateStamp>
      <citation identifier="10.15468/dl.eabzvg">GBIF Occurrence Download 10.15468/dl.eabzvg</citation>
              <physical>
                  <objectName>Darwin Core Archive</objectName>
                  <characterEncoding>UTF-8</characterEncoding>
                  <dataFormat>
                      <externallyDefinedFormat>
                          <formatName>Darwin Core Archive</formatName>
                      </externallyDefinedFormat>
                  </dataFormat>
                  <distribution>
                      <online>
                          <url function="download">http://api.gbif.org/v1/occurrence/download/request/0006587-190621201848488.zip</url>
                      </online>
                  </distribution>
              </physical>
        </gbif>
    </metadata>
</additionalMetadata>

</eml:eml>
