<?xml version="1.0" encoding="utf-8"?>
<eml:eml xmlns:eml="eml://ecoinformatics.org/eml-2.1.1" xmlns:xsi="http://www.w3.org/2001/XMLSchema-instance"
         xsi:schemaLocation="eml://ecoinformatics.org/eml-2.1.1 http://rs.gbif.org/schema/eml-gbif-profile/1.1/eml.xsd"
        packageId="10.15468/dl.lpwjh4"  system="http://gbif.org" scope="system"
  xml:lang="en">

<dataset>
        <alternateIdentifier>0006576-190621201848488</alternateIdentifier>
    <title>GBIF Occurrence Download 10.15468/dl.lpwjh4</title>
    <creator>
    <individualName>
          <surName>GBIF Download Service</surName>
    </individualName>
<electronicMailAddress>support@gbif.org</electronicMailAddress>    </creator>
    <metadataProvider>
    <individualName>
          <surName>GBIF Download Service</surName>
    </individualName>
<electronicMailAddress>support@gbif.org</electronicMailAddress>    </metadataProvider>
      <pubDate>
      2019-07-04
      </pubDate>
    <language>ENGLISH</language>
    <abstract>
        <para>A dataset containing all occurrences available in GBIF matching the query:
{
  &quot;and&quot; : [ &quot;TaxonKey is Makaira nigricans Lacépède, 1802&quot;, &quot;HasCoordinate is true&quot;, &quot;HasGeospatialIssue is false&quot; ]
}
The dataset includes records from the following constituent datasets. The full metadata for each constituent is also included in this archive:
1 records from IndOBIS, Indian Ocean Node of OBIS
1 records from DFO Maritimes Region Cetacean Sightings
1 records from Queensland Museum provider for OZCAM
1 records from Field Museum of Natural History (Zoology) Fish Collection
1 records from POPA- Fisheries Observer Program of the Azores: Discards in the Azores tuna fishery from 1998 to 2013
1 records from Biodiversity Research and Teaching Collections - TCWC Vertebrates
1 records from POPA- Fisheries Observer Program of the Azores: Accessory species caught in the Azores tuna fishery between 2000 and 2013
1 records from Programme Ecoscope: données d&apos;observations des écosystèmes marins exploités (Réunion)
1 records from Taiwan Fisheries Research Institute – Digital archives of coastal and offshore specimens
1 records from Données d&apos;occurrences Espèces issues de l&apos;inventaire des ZNIEFF
1 records from Fishbase
1 records from Fishes of Ghana
1 records from CAS Ichthyology (ICH)
1 records from Diveboard - Scuba diving citizen science observations
1 records from Natural History Museum (London) Collection Specimens
2 records from NMNH Extant Specimen Records
2 records from Paleobiology Database
2 records from SIO Marine Vertebrate Collection
3 records from Paleobiology Database
3 records from Fish biodiversity of the Vitória-Trindade Seamount Chain, Southwestern Atlantic: an updated database
3 records from Museum of Comparative Zoology, Harvard University
5 records from iNaturalist Research-grade Observations
8 records from International Barcode of Life project (iBOL)
8 records from NCSM Ichthyology Collection
14 records from UF FLMNH Ichthyology
14 records from ecoscope_observation_database
18 records from Geographically tagged INSDC sequences
38 records from Australian Museum provider for OZCAM
53 records from LACM Vertebrate Collection
242 records from observe_tuna_bycatch_ecoscope
426 records from Bureau of Rural Sciences, Commercial Fisheries Presence, Australia, 2000-2002
</para>
    </abstract>
      <contact>
    <individualName>
          <surName>GBIF Download Service</surName>
    </individualName>
<electronicMailAddress>support@gbif.org</electronicMailAddress>      </contact>

</dataset>

<additionalMetadata>
    <metadata>
      <gbif>
        <dateStamp>2019-07-04T12:57:18Z</dateStamp>
      <citation identifier="10.15468/dl.lpwjh4">GBIF Occurrence Download 10.15468/dl.lpwjh4</citation>
              <physical>
                  <objectName>Darwin Core Archive</objectName>
                  <characterEncoding>UTF-8</characterEncoding>
                  <dataFormat>
                      <externallyDefinedFormat>
                          <formatName>Darwin Core Archive</formatName>
                      </externallyDefinedFormat>
                  </dataFormat>
                  <distribution>
                      <online>
                          <url function="download">http://api.gbif.org/v1/occurrence/download/request/0006576-190621201848488.zip</url>
                      </online>
                  </distribution>
              </physical>
        </gbif>
    </metadata>
</additionalMetadata>

</eml:eml>
