<?xml version="1.0" encoding="utf-8"?>
<eml:eml xmlns:eml="eml://ecoinformatics.org/eml-2.1.1" xmlns:xsi="http://www.w3.org/2001/XMLSchema-instance"
         xsi:schemaLocation="eml://ecoinformatics.org/eml-2.1.1 http://rs.gbif.org/schema/eml-gbif-profile/1.1/eml.xsd"
        packageId="831234b2-f762-11e1-a439-00145eb45e9a"  system="http://gbif.org" scope="system"
  xml:lang="en">

<dataset>
      <alternateIdentifier>10.15468/vvp7gr</alternateIdentifier>
        <alternateIdentifier>http://ipt.vertnet.org:8080/ipt/resource?r=uwfc_fish</alternateIdentifier>
        <alternateIdentifier>http://ipt.vertnet.org:8080/ipt/resource.do?r=uwfc_fish</alternateIdentifier>
        <alternateIdentifier>831234b2-f762-11e1-a439-00145eb45e9a</alternateIdentifier>
        <alternateIdentifier>128</alternateIdentifier>
    <title>UWFC Ichthyology Collection</title>
    <creator>
    <individualName>
<givenName>Katherine</givenName>          <surName>Maslenikov</surName>
    </individualName>
<organizationName>University of Washington Burke Museum</organizationName><positionName>Collection Manager</positionName>    <address>
<deliveryPoint>Box 355100</deliveryPoint><city>Seattle</city><administrativeArea>WA</administrativeArea><postalCode>98195</postalCode><country>UNITED_STATES</country>    </address>
<phone>+1 206-543-3816</phone><electronicMailAddress>pearsonk@uw.edu</electronicMailAddress><onlineUrl>http://www.burkemuseum.org/</onlineUrl>    </creator>
    <metadataProvider>
    <individualName>
<givenName>Katherine</givenName>          <surName>Maslenikov</surName>
    </individualName>
<organizationName>University of Washington Burke Museum</organizationName><positionName>Collection Manager</positionName>    <address>
<deliveryPoint>Box 355100</deliveryPoint><city>Seattle</city><administrativeArea>WA</administrativeArea><postalCode>98195</postalCode><country>UNITED_STATES</country>    </address>
<phone>+1 206-543-3816</phone><electronicMailAddress>pearsonk@uw.edu</electronicMailAddress><onlineUrl>http://www.burkemuseum.org/</onlineUrl>    </metadataProvider>
    <associatedParty>
    <individualName>
<givenName>Laura</givenName>          <surName>Russell</surName>
    </individualName>
<organizationName>VertNet</organizationName><positionName>VertNet Programmer</positionName><electronicMailAddress>larussell@vertnet.org</electronicMailAddress><onlineUrl>http://www.vertnet.org</onlineUrl>    <role>PROGRAMMER</role>
    </associatedParty>
    <associatedParty>
    <individualName>
<givenName>David</givenName>          <surName>Bloom</surName>
    </individualName>
<organizationName>VertNet</organizationName><positionName>VertNet Coordinator</positionName><electronicMailAddress>dbloom@vertnet.org</electronicMailAddress><onlineUrl>http://www.vertnet.org</onlineUrl>    <role>PROGRAMMER</role>
    </associatedParty>
    <associatedParty>
    <individualName>
<givenName>John</givenName>          <surName>Wieczorek</surName>
    </individualName>
<organizationName>Museum of Vertebrate Zoology at UC Berkeley</organizationName><positionName>Information Architect</positionName><electronicMailAddress>tuco@berkeley.edu</electronicMailAddress>    <role>PROGRAMMER</role>
    </associatedParty>
    <associatedParty>
    <individualName>
<givenName>Theodore</givenName>          <surName>Pietsch</surName>
    </individualName>
<organizationName>University of Washington Burke Museum</organizationName><positionName>Curator</positionName>    <address>
<deliveryPoint>Box 355100</deliveryPoint><city>Seattle</city><administrativeArea>WA</administrativeArea><postalCode>98195</postalCode><country>UNITED_STATES</country>    </address>
<electronicMailAddress>twp@uw.edu</electronicMailAddress><onlineUrl>http://www.burkemuseum.org/</onlineUrl>    <role>CURATOR</role>
    </associatedParty>
      <pubDate>
      2019-03-15
      </pubDate>
    <language>ENGLISH</language>
    <abstract>
        <para>The University of Washington Fish Collection is a state-supported facility that is part of the Burke Museum of Natural History and Culture and the School of Aquatic and Fishery Sciences located on the University of Washington campus in Seattle. The collection is constantly growing. At the end of 2013, we have 8.2 million specimens in 160,000 lots, as well as over 2 million otoliths from north Pacific fishes.  The majority of specimens are eggs and larvae, with 7.7 million specimens in 103,000 lots. There are 380,000 juvenile and adult specimens in 52,000 lots, representing some 4,076 species in 1,386 genera and 328 families.  All specimens are stored in glass jars or stainless steel tanks containing 70% ethanol preservative. Tissue samples are available for over 5000 lots representing 800 species.  There are 38 primary and 318 secondary type specimens in the collection.  Approximately 324 lots of cleared and stained specimens, representing 203 species in 63 families, are also available. These are stored in full strength glycerin and maintained separately from the main collection. These skeletal preparations are augmented by an extensive library of X-rays of North Pacific fishes. Begun in 1981, this library now includes some 765 X-rays, including representatives of 135 species in 66 families. We also have a growing dry skeleton collection, most of which has been donated by local archaeologists wanting to make their reference collections available to the public.</para>
    </abstract>
        <keywordSet>
              <keyword>Occurrence</keyword>
              <keywordThesaurus>GBIF Dataset Type Vocabulary: http://rs.gbif.org/vocabulary/gbif/dataset_type.xml</keywordThesaurus>
        </keywordSet>
        <keywordSet>
              <keyword>Specimen</keyword>
              <keywordThesaurus>GBIF Dataset Subtype Vocabulary: http://rs.gbif.org/vocabulary/gbif/dataset_subtype.xml</keywordThesaurus>
        </keywordSet>
      <additionalInfo>
          <para>http://vertnet.org/resources/norms.html</para>
      </additionalInfo>
      <intellectualRights>
        <para>To the extent possible under law, the publisher has waived all rights to these data and has dedicated them to the <ulink url="http://creativecommons.org/publicdomain/zero/1.0/legalcode"><citetitle>Public Domain (CC0 1.0)</citetitle></ulink>. Users may copy, modify, distribute and use the work, including for commercial purposes, without restriction.</para>
      </intellectualRights>
      <distribution scope="document">
          <online>
              <url function="information">http://www.burkemuseum.org/ichthyology</url>
          </online>
      </distribution>
      <coverage>
            <geographicCoverage>
                  <geographicDescription>About 25% of the lots are freshwater fishes, mainly from the states of Washington, Oregon, and Alaska. The remaining 75% are marine fishes collected primarily from the eastern North Pacific, from the Aleutian Islands to Baja California, and from the western tropical Pacific, from Christmas Island to Guam and the Philippines. The collection also includes smaller numbers of lots from many other locations around the world.</geographicDescription>
                  <boundingCoordinates>
                      <westBoundingCoordinate>-180</westBoundingCoordinate>
                      <eastBoundingCoordinate>180</eastBoundingCoordinate>
                      <northBoundingCoordinate>90</northBoundingCoordinate>
                      <southBoundingCoordinate>-90</southBoundingCoordinate>
                  </boundingCoordinates>
            </geographicCoverage>
              <taxonomicCoverage>
                    <taxonomicClassification>
                          <taxonRankName>Class</taxonRankName>
                        <taxonRankValue>ACTINOPTERYGII</taxonRankValue>
                    </taxonomicClassification>
              </taxonomicCoverage>
      </coverage>
      <maintenance>
          <description>
              <para></para>
          </description>
          <maintenanceUpdateFrequency>unkown</maintenanceUpdateFrequency>
      </maintenance>
      <contact>
    <individualName>
<givenName>Katherine</givenName>          <surName>Maslenikov</surName>
    </individualName>
<organizationName>University of Washington Burke Museum</organizationName><positionName>Collection Manager</positionName>    <address>
<deliveryPoint>Box 355100</deliveryPoint><city>Seattle</city><administrativeArea>WA</administrativeArea><postalCode>98195</postalCode><country>UNITED_STATES</country>    </address>
<phone>+1 206-543-3816</phone><electronicMailAddress>pearsonk@uw.edu</electronicMailAddress><onlineUrl>http://www.burkemuseum.org/</onlineUrl>      </contact>

</dataset>

<additionalMetadata>
    <metadata>
      <gbif>
        <dateStamp>2019-07-04T12:55:09Z</dateStamp>
      <citation>Maslenikov K (2019). UWFC Ichthyology Collection. University of Washington Burke Museum. Occurrence dataset https://doi.org/10.15468/vvp7gr accessed via GBIF.org on 2019-07-04.</citation>
        </gbif>
    </metadata>
</additionalMetadata>

</eml:eml>
