<?xml version="1.0" encoding="utf-8"?>
<eml:eml xmlns:eml="eml://ecoinformatics.org/eml-2.1.1" xmlns:xsi="http://www.w3.org/2001/XMLSchema-instance"
         xsi:schemaLocation="eml://ecoinformatics.org/eml-2.1.1 http://rs.gbif.org/schema/eml-gbif-profile/1.1/eml.xsd"
        packageId="83a65020-f762-11e1-a439-00145eb45e9a"  system="http://gbif.org" scope="system"
  xml:lang="en">

<dataset>
      <alternateIdentifier>10.15468/wqs004</alternateIdentifier>
        <alternateIdentifier>342</alternateIdentifier>
    <title>Electronic Atlas of Ichthyoplankton on the Scotian Shelf of North America (OBIS Canada)</title>
    <language>ENGLISH</language>
    <abstract>
        <para>Summary: Location and time of spawning, and abundance and distribution of eggs and larvae of 107 taxa of fish and invertebrates on the Scotian Shelf of North America. Derived from 197 scientific publications from 1919 to 2001. Provides georeferenced information on distribution and seasonality of fish eggs and larvae, an important component of the ecosystem of the Canadian continental shelf. OBIS Schema concepts implemented in this data set are:DateLastModified, InstitutionCode, CollectionCode, CatalogNumber, ScientificName, FieldNumber, YearCollected, MonthCollected, ContinentOcean, Country, Locality,Longitude, Latitude, Notes, Source, Citation, StartYearCollected, EndYearCollected, StartMonthCollected, EndMonthCollected, StartLongitude, EndLongitude, StartLatitude, EndLatitude,DepthRange, LifeStage, ObservedIndividualCount. For OBIS Schema concept details see http://www.iobis.org/tech/provider/</para>
    </abstract>
      <intellectualRights>
        <para>This work is licensed under a <ulink url="http://creativecommons.org/licenses/by/4.0/legalcode"><citetitle>Creative Commons Attribution (CC-BY) 4.0 License</citetitle></ulink>.</para>
      </intellectualRights>
      <distribution scope="document">
          <online>
              <url function="information">http://gcmd.nasa.gov/KeywordSearch/Metadata.do?Portal=caobis&amp;MetadataType=0&amp;KeywordPath=&amp;MetadataView=Full&amp;EntryId=OBIS.AtlasIchthyoplankton</url>
          </online>
      </distribution>
      <maintenance>
          <description>
              <para></para>
          </description>
          <maintenanceUpdateFrequency>unkown</maintenanceUpdateFrequency>
      </maintenance>

</dataset>

<additionalMetadata>
    <metadata>
      <gbif>
        <dateStamp>2019-07-04T13:07:19Z</dateStamp>
      <citation>Canadian node of the Ocean Biogeographic Information System (OBIS Canada). Electronic Atlas of Ichthyoplankton on the Scotian Shelf of North America (OBIS Canada). Occurrence dataset https://doi.org/10.15468/wqs004 accessed via GBIF.org on 2019-07-04.</citation>
              <physical>
                  <objectName>GBIF Occurrence Download</objectName>
                  <characterEncoding>UTF-8</characterEncoding>
                  <dataFormat>
                      <externallyDefinedFormat>
                          <formatName>Darwin Core Archive</formatName>
                      </externallyDefinedFormat>
                  </dataFormat>
                  <distribution>
                      <online>
                          <url function="download">http://api.gbif.org/v1/occurrence/download/request/0012547-180131172636756.zip</url>
                      </online>
                  </distribution>
              </physical>
        </gbif>
    </metadata>
</additionalMetadata>

</eml:eml>
