<?xml version="1.0" encoding="utf-8"?>
<eml:eml xmlns:eml="eml://ecoinformatics.org/eml-2.1.1" xmlns:xsi="http://www.w3.org/2001/XMLSchema-instance"
         xsi:schemaLocation="eml://ecoinformatics.org/eml-2.1.1 http://rs.gbif.org/schema/eml-gbif-profile/1.1/eml.xsd"
        packageId="e3e48696-f083-4c3a-8c5b-efb1589c54db"  system="http://gbif.org" scope="system"
  xml:lang="en">

<dataset>
      <alternateIdentifier>10.15468/rtxjkt</alternateIdentifier>
        <alternateIdentifier>https://collections.ala.org.au/public/show/dr702</alternateIdentifier>
        <alternateIdentifier>f11e610e-491b-3603-995d-d9e95d6b3480</alternateIdentifier>
        <alternateIdentifier>http://collections.ala.org.au/public/show/dr702</alternateIdentifier>
        <alternateIdentifier>e3e48696-f083-4c3a-8c5b-efb1589c54db</alternateIdentifier>
        <alternateIdentifier>ef384893-4cd1-32f8-b92a-60ef589df8b3</alternateIdentifier>
        <alternateIdentifier>e68dc57e-0c5b-3154-b40f-c75b62e9e33b</alternateIdentifier>
    <title>Atlas of Life in the Coastal Wilderness - Sightings</title>
    <creator>
<organizationName>Atlas of Life in the Coastal Wilderness</organizationName>    </creator>
    <metadataProvider>
<organizationName>Atlas of Life in the Coastal Wilderness</organizationName>    </metadataProvider>
    <associatedParty>
<organizationName>Atlas of Living Australia</organizationName>    <address>
<deliveryPoint>CSIRO Ecosystems Services</deliveryPoint><city>Canberra</city><administrativeArea>ACT</administrativeArea><postalCode>2601</postalCode><country>AUSTRALIA</country>    </address>
<electronicMailAddress>info@ala.org.au</electronicMailAddress>    <role>DISTRIBUTOR</role>
    </associatedParty>
      <pubDate>
      2018-11-09
      </pubDate>
    <language>ENGLISH</language>
    <abstract>
        <para></para>
    </abstract>
      <intellectualRights>
        <para>This work is licensed under a <ulink url="http://creativecommons.org/licenses/by/4.0/legalcode"><citetitle>Creative Commons Attribution (CC-BY) 4.0 License</citetitle></ulink>.</para>
      </intellectualRights>
      <distribution scope="document">
          <online>
              <url function="information">https://collections.ala.org.au/public/show/dr702</url>
          </online>
      </distribution>
      <contact>
<organizationName>Atlas of Living Australia</organizationName>    <address>
<deliveryPoint>CSIRO Ecosystems Services</deliveryPoint><city>Canberra</city><administrativeArea>ACT</administrativeArea><postalCode>2601</postalCode><country>AUSTRALIA</country>    </address>
<electronicMailAddress>info@ala.org.au</electronicMailAddress>      </contact>
      <methods>
      </methods>

</dataset>

<additionalMetadata>
    <metadata>
      <gbif>
        <dateStamp>2019-07-04T13:07:20Z</dateStamp>
      <citation>Atlas of Life in the Coastal Wilderness (2018). Atlas of Life in the Coastal Wilderness - Sightings. Occurrence dataset https://doi.org/10.15468/rtxjkt accessed via GBIF.org on 2019-07-04.</citation>
              <resourceLogoUrl>https://collections.ala.org.au/data/dataResource/header.jpg</resourceLogoUrl>
        </gbif>
    </metadata>
</additionalMetadata>

</eml:eml>
