<?xml version="1.0" encoding="utf-8"?>
<eml:eml xmlns:eml="eml://ecoinformatics.org/eml-2.1.1" xmlns:xsi="http://www.w3.org/2001/XMLSchema-instance"
         xsi:schemaLocation="eml://ecoinformatics.org/eml-2.1.1 http://rs.gbif.org/schema/eml-gbif-profile/1.1/eml.xsd"
        packageId="10.15468/dl.blqftz"  system="http://gbif.org" scope="system"
  xml:lang="en">

<dataset>
        <alternateIdentifier>0006588-190621201848488</alternateIdentifier>
    <title>GBIF Occurrence Download 10.15468/dl.blqftz</title>
    <creator>
    <individualName>
          <surName>GBIF Download Service</surName>
    </individualName>
<electronicMailAddress>support@gbif.org</electronicMailAddress>    </creator>
    <metadataProvider>
    <individualName>
          <surName>GBIF Download Service</surName>
    </individualName>
<electronicMailAddress>support@gbif.org</electronicMailAddress>    </metadataProvider>
      <pubDate>
      2019-07-04
      </pubDate>
    <language>ENGLISH</language>
    <abstract>
        <para>A dataset containing all occurrences available in GBIF matching the query:
{
  &quot;and&quot; : [ &quot;TaxonKey is Xiphias gladius Linnaeus, 1758&quot;, &quot;HasCoordinate is true&quot;, &quot;HasGeospatialIssue is false&quot; ]
}
The dataset includes records from the following constituent datasets. The full metadata for each constituent is also included in this archive:
1 records from Fish collection NTNU University Museum
1 records from Electronic Atlas of Ichthyoplankton on the Scotian Shelf of North America (OBIS Canada)
1 records from Canada Maritimes Regional Cetacean Sightings (OBIS Canada)
1 records from Fish collection of National Museum of Nature and Science
1 records from IndOBIS, Indian Ocean Node of OBIS
1 records from The Fish Database of Taiwan
1 records from European Molecular Biology Laboratory Australian Mirror
1 records from Programme Ecoscope: données d&apos;observations des écosystèmes marins exploités (Réunion)
1 records from Atlas of Life in the Coastal Wilderness - Sightings
1 records from Taiwan Fisheries Research Institute – Digital archives of coastal and offshore specimens
1 records from Naturalis Biodiversity Center (NL) - Pisces
1 records from Artportalen (Swedish Species Observation System)
1 records from Fishes of Ghana
1 records from CSIRO, Soviet Fishery Data, Australia, 1965-1978
1 records from Soviet Trawl Fishery Data (New Zealand Waters) 1964-1987
1 records from naturgucker
1 records from Inventario de Peces del SFF Isla Malpelo, Proyecto Colombia Bio
1 records from Museu de Ciències Naturals de Barcelona: MCNB-Cord
1 records from SBMNH Vertebrate Zoology
1 records from Western Australian Museum provider for OZCAM
1 records from Natural History Museum (London) Collection Specimens
2 records from Nova Scotia Museum - Marine Birds, Mammals, and Fishes
2 records from Paleobiology Database
2 records from DFO Maritimes Research Vessel Trawl Surveys Fish Observations
2 records from Biodiversity Research and Teaching Collections - TCWC Vertebrates
2 records from SEWBReC Fish (South East Wales)
2 records from Canadian Museum of Nature Fish Collection
2 records from Colección de referencia de otolitos, Instituto de Ciencias del Mar-CSIC
2 records from The Pisces Collection at the Staatssammlung für Anthropologie und Paläoanatomie München
2 records from Fish collection, Natural History Museum, University of Oslo
2 records from Programme national de science participative sur la Biodiversité Littorale (BioLit)
2 records from Fishbase
2 records from Données BioObs - Base pour l’Inventaire des Observations Subaquatiques de la FFESSM
2 records from Asia-Pacific Dataset
2 records from Lund Museum of Zoology (MZLU)
2 records from Diversidade e ocorrência de peixes na Zambézia (2003-2016)
2 records from Northern Territory Museum and Art Gallery provider for OZCAM
3 records from Norwegian Species Observation Service
3 records from Paleobiology Database
3 records from NCSM Ichthyology Collection
4 records from DFO Maritimes Region Cetacean Sightings
4 records from Parc_National_des_Calanques_2017_12_18
4 records from Queensland Museum provider for OZCAM
4 records from Códigos de barras de la vida en peces y zooplancton de México
4 records from Occurrence records of southern African aquatic biodiversity
4 records from Fish biodiversity of the Vitória-Trindade Seamount Chain, Southwestern Atlantic: an updated database
4 records from FBIP:SAEON: Historical Research Survey Database (1897-1949)
5 records from Census of the threatened species of Benin.
5 records from CSIRO Ichthyology provider for OZCAM
5 records from Census of the animals of Benin
6 records from CAS Ichthyology (ICH)
6 records from LACM Vertebrate Collection
7 records from Observation.org, Nature data from the Netherlands
7 records from South Australian Museum Australia provider for OZCAM
7 records from Ichthyology Collection - Royal Ontario Museum
8 records from SIO Marine Vertebrate Collection
9 records from The fishes collection (IC) of the Muséum national d&apos;Histoire naturelle (MNHN - Paris)
11 records from iNaturalist Research-grade Observations
12 records from NMNH Extant Specimen Records
15 records from Rare marine fishes taken in Irish waters from 1786 to 2008
15 records from Demersais survey in the Azores between 1996 and 2013
17 records from Geographically tagged INSDC sequences
17 records from New Zealand fish and squid distributions from research bottom trawls 1964-2008
18 records from Museum of Comparative Zoology, Harvard University
20 records from observe_tuna_bycatch_ecoscope
22 records from Programme Ecoscope: données d&apos;observations des écosystèmes marins exploités
22 records from International Barcode of Life project (iBOL)
25 records from Australian Museum provider for OZCAM
27 records from Atlantic Reference Centre Museum of Canadian Atlantic Organisms - Invertebrates and Fishes Data
35 records from Fortalecimiento de las colecciones de ECOSUR. Primera fase
39 records from UF FLMNH Ichthyology
42 records from Données naturalistes de Jean-Jacques RIUTORT
60 records from Banco de Datos de la Biodiversidad de la Comunitat Valenciana
253 records from New Zealand research tagging database
731 records from ecoscope_observation_database
1468 records from Bureau of Rural Sciences, Commercial Fisheries Presence, Australia, 2000-2002
</para>
    </abstract>
      <contact>
    <individualName>
          <surName>GBIF Download Service</surName>
    </individualName>
<electronicMailAddress>support@gbif.org</electronicMailAddress>      </contact>

</dataset>

<additionalMetadata>
    <metadata>
      <gbif>
        <dateStamp>2019-07-04T13:07:25Z</dateStamp>
      <citation identifier="10.15468/dl.blqftz">GBIF Occurrence Download 10.15468/dl.blqftz</citation>
              <physical>
                  <objectName>Darwin Core Archive</objectName>
                  <characterEncoding>UTF-8</characterEncoding>
                  <dataFormat>
                      <externallyDefinedFormat>
                          <formatName>Darwin Core Archive</formatName>
                      </externallyDefinedFormat>
                  </dataFormat>
                  <distribution>
                      <online>
                          <url function="download">http://api.gbif.org/v1/occurrence/download/request/0006588-190621201848488.zip</url>
                      </online>
                  </distribution>
              </physical>
        </gbif>
    </metadata>
</additionalMetadata>

</eml:eml>
