<?xml version="1.0" encoding="utf-8"?>
<eml:eml xmlns:eml="eml://ecoinformatics.org/eml-2.1.1" xmlns:xsi="http://www.w3.org/2001/XMLSchema-instance"
         xsi:schemaLocation="eml://ecoinformatics.org/eml-2.1.1 http://rs.gbif.org/schema/eml-gbif-profile/1.1/eml.xsd"
        packageId="10.15468/dl.txromp"  system="http://gbif.org" scope="system"
  xml:lang="en">

<dataset>
        <alternateIdentifier>0006572-190621201848488</alternateIdentifier>
    <title>GBIF Occurrence Download 10.15468/dl.txromp</title>
    <creator>
    <individualName>
          <surName>GBIF Download Service</surName>
    </individualName>
<electronicMailAddress>support@gbif.org</electronicMailAddress>    </creator>
    <metadataProvider>
    <individualName>
          <surName>GBIF Download Service</surName>
    </individualName>
<electronicMailAddress>support@gbif.org</electronicMailAddress>    </metadataProvider>
      <pubDate>
      2019-07-04
      </pubDate>
    <language>ENGLISH</language>
    <abstract>
        <para>A dataset containing all occurrences available in GBIF matching the query:
{
  &quot;and&quot; : [ &quot;TaxonKey is Kajikia audax (Philippi, 1887)&quot;, &quot;HasCoordinate is true&quot;, &quot;HasGeospatialIssue is false&quot; ]
}
The dataset includes records from the following constituent datasets. The full metadata for each constituent is also included in this archive:
1 records from UWFC Ichthyology Collection
1 records from Queensland Museum provider for OZCAM
1 records from Geographically tagged INSDC sequences
1 records from Programme Ecoscope: données d&apos;observations des écosystèmes marins exploités (Réunion)
1 records from Ampliación de la base de datos de la ictiofauna insular del Golfo de California
1 records from Taiwan Fisheries Research Institute – Digital archives of coastal and offshore specimens
1 records from CSIRO Ichthyology provider for OZCAM
1 records from CAS Ichthyology (ICH)
1 records from Inventario de Peces del SFF Isla Malpelo, Proyecto Colombia Bio
1 records from Northern Territory Museum and Art Gallery provider for OZCAM
1 records from Western Australian Museum provider for OZCAM
2 records from NMNH Extant Specimen Records
2 records from Field Museum of Natural History (Zoology) Fish Collection
2 records from Auckland Museum NZ  Marine Collection
2 records from UF FLMNH Ichthyology
3 records from IndOBIS, Indian Ocean Node of OBIS
4 records from Asia-Pacific Dataset
6 records from International Barcode of Life project (iBOL)
7 records from Programme Ecoscope: données d&apos;observations des écosystèmes marins exploités
7 records from LACM Vertebrate Collection
9 records from iNaturalist Research-grade Observations
11 records from SIO Marine Vertebrate Collection
14 records from Australian Museum provider for OZCAM
50 records from observe_tuna_bycatch_ecoscope
50 records from Marine biological observation data from coastal and offshore surveys around New Zealand
472 records from ecoscope_observation_database
1023 records from Bureau of Rural Sciences, Commercial Fisheries Presence, Australia, 2000-2002
6083 records from New Zealand research tagging database
</para>
    </abstract>
      <contact>
    <individualName>
          <surName>GBIF Download Service</surName>
    </individualName>
<electronicMailAddress>support@gbif.org</electronicMailAddress>      </contact>

</dataset>

<additionalMetadata>
    <metadata>
      <gbif>
        <dateStamp>2019-07-04T12:55:12Z</dateStamp>
      <citation identifier="10.15468/dl.txromp">GBIF Occurrence Download 10.15468/dl.txromp</citation>
              <physical>
                  <objectName>Darwin Core Archive</objectName>
                  <characterEncoding>UTF-8</characterEncoding>
                  <dataFormat>
                      <externallyDefinedFormat>
                          <formatName>Darwin Core Archive</formatName>
                      </externallyDefinedFormat>
                  </dataFormat>
                  <distribution>
                      <online>
                          <url function="download">http://api.gbif.org/v1/occurrence/download/request/0006572-190621201848488.zip</url>
                      </online>
                  </distribution>
              </physical>
        </gbif>
    </metadata>
</additionalMetadata>

</eml:eml>
