<?xml version="1.0" encoding="utf-8"?>
<eml:eml xmlns:eml="eml://ecoinformatics.org/eml-2.1.1" xmlns:xsi="http://www.w3.org/2001/XMLSchema-instance"
         xsi:schemaLocation="eml://ecoinformatics.org/eml-2.1.1 http://rs.gbif.org/schema/eml-gbif-profile/1.1/eml.xsd"
        packageId="10.15468/dl.mumi5e"  system="http://gbif.org" scope="system"
  xml:lang="en">

<dataset>
        <alternateIdentifier>0006577-190621201848488</alternateIdentifier>
    <title>GBIF Occurrence Download 10.15468/dl.mumi5e</title>
    <creator>
    <individualName>
          <surName>GBIF Download Service</surName>
    </individualName>
<electronicMailAddress>support@gbif.org</electronicMailAddress>    </creator>
    <metadataProvider>
    <individualName>
          <surName>GBIF Download Service</surName>
    </individualName>
<electronicMailAddress>support@gbif.org</electronicMailAddress>    </metadataProvider>
      <pubDate>
      2019-07-04
      </pubDate>
    <language>ENGLISH</language>
    <abstract>
        <para>A dataset containing all occurrences available in GBIF matching the query:
{
  &quot;and&quot; : [ &quot;TaxonKey is Tetrapturus angustirostris Tanaka, 1915&quot;, &quot;HasCoordinate is true&quot;, &quot;HasGeospatialIssue is false&quot; ]
}
The dataset includes records from the following constituent datasets. The full metadata for each constituent is also included in this archive:
1 records from Fish specimens of Kagoshima University Museum
1 records from Queensland Museum provider for OZCAM
1 records from Programme Ecoscope: données d&apos;observations des écosystèmes marins exploités (Réunion)
1 records from UF FLMNH Ichthyology
1 records from Museum of Comparative Zoology, Harvard University
1 records from Diversidade e ocorrência de peixes em Inhambane (2009-2017)
1 records from CAS Ichthyology (ICH)
1 records from Diversidade e ocorrência de peixes na Zambézia (2003-2016)
1 records from Inventario de Peces del SFF Isla Malpelo, Proyecto Colombia Bio
2 records from Taiwan Fisheries Research Institute – Digital archives of coastal and offshore specimens
2 records from Asia-Pacific Dataset
2 records from iNaturalist Research-grade Observations
2 records from observe_tuna_bycatch_ecoscope
2 records from Western Australian Museum provider for OZCAM
3 records from Australian Museum provider for OZCAM
3 records from South Australian Museum Australia provider for OZCAM
4 records from LACM Vertebrate Collection
6 records from Geographically tagged INSDC sequences
6 records from SIO Marine Vertebrate Collection
6 records from Programme Ecoscope: données d&apos;observations des écosystèmes marins exploités
6 records from International Barcode of Life project (iBOL)
50 records from ecoscope_observation_database
76 records from New Zealand research tagging database
474 records from Bureau of Rural Sciences, Commercial Fisheries Presence, Australia, 2000-2002
</para>
    </abstract>
      <contact>
    <individualName>
          <surName>GBIF Download Service</surName>
    </individualName>
<electronicMailAddress>support@gbif.org</electronicMailAddress>      </contact>

</dataset>

<additionalMetadata>
    <metadata>
      <gbif>
        <dateStamp>2019-07-04T12:59:02Z</dateStamp>
      <citation identifier="10.15468/dl.mumi5e">GBIF Occurrence Download 10.15468/dl.mumi5e</citation>
              <physical>
                  <objectName>Darwin Core Archive</objectName>
                  <characterEncoding>UTF-8</characterEncoding>
                  <dataFormat>
                      <externallyDefinedFormat>
                          <formatName>Darwin Core Archive</formatName>
                      </externallyDefinedFormat>
                  </dataFormat>
                  <distribution>
                      <online>
                          <url function="download">http://api.gbif.org/v1/occurrence/download/request/0006577-190621201848488.zip</url>
                      </online>
                  </distribution>
              </physical>
        </gbif>
    </metadata>
</additionalMetadata>

</eml:eml>
