<?xml version="1.0" encoding="utf-8"?>
<eml:eml xmlns:eml="eml://ecoinformatics.org/eml-2.1.1" xmlns:xsi="http://www.w3.org/2001/XMLSchema-instance"
         xsi:schemaLocation="eml://ecoinformatics.org/eml-2.1.1 http://rs.gbif.org/schema/eml-gbif-profile/1.1/eml.xsd"
        packageId="1881d048-04f9-4bc2-b7c8-931d1659a354"  system="http://gbif.org" scope="system"
  xml:lang="en">

<dataset>
      <alternateIdentifier>10.15468/rckmn2</alternateIdentifier>
        <alternateIdentifier>http://ipt.sanbi.org.za/iptsanbi/resource?r=precis</alternateIdentifier>
        <alternateIdentifier>1881d048-04f9-4bc2-b7c8-931d1659a354</alternateIdentifier>
        <alternateIdentifier>12716</alternateIdentifier>
    <title>PRECIS</title>
    <creator>
    <individualName>
          <surName>Fatima Parker-Allie</surName>
    </individualName>
<positionName>system administrator</positionName><phone>+27217998698</phone><electronicMailAddress>f.parker@sanbi.org.za</electronicMailAddress>    </creator>
    <metadataProvider>
    <individualName>
<givenName>Fhatani</givenName>          <surName>Ranwashe</surName>
    </individualName>
<electronicMailAddress>f.ranwashe@sanbi.org.za</electronicMailAddress>    </metadataProvider>
      <pubDate>
      2018-11-01
      </pubDate>
    <language>ENGLISH</language>
    <abstract>
        <para>PRECIS database from SANBI.</para>
    </abstract>
        <keywordSet>
              <keyword>Occurrence</keyword>
              <keywordThesaurus>GBIF Dataset Type Vocabulary: http://rs.gbif.org/vocabulary/gbif/dataset_type.xml</keywordThesaurus>
        </keywordSet>
      <intellectualRights>
        <para>This work is licensed under a <ulink url="http://creativecommons.org/licenses/by/4.0/legalcode"><citetitle>Creative Commons Attribution (CC-BY) 4.0 License</citetitle></ulink>.</para>
      </intellectualRights>
      <distribution scope="document">
          <online>
              <url function="information">http://www.sabif.ac.za:8080/tapirlink/www/tapir.php/PRECIS</url>
          </online>
      </distribution>
      <maintenance>
          <description>
              <para></para>
          </description>
          <maintenanceUpdateFrequency>unkown</maintenanceUpdateFrequency>
      </maintenance>
      <contact>
    <individualName>
          <surName>Fatima Parker-Allie</surName>
    </individualName>
<positionName>system administrator</positionName><phone>+27217998698</phone><electronicMailAddress>f.parker@sanbi.org.za</electronicMailAddress>      </contact>

</dataset>

<additionalMetadata>
    <metadata>
      <gbif>
        <dateStamp>2022-01-13T11:24:27Z</dateStamp>
      <citation>Fatima Parker-Allie, Ranwashe F (2018). PRECIS. South African National Biodiversity Institute. Occurrence dataset https://doi.org/10.15468/rckmn2 accessed via GBIF.org on 2022-01-13.</citation>
              <physical>
                  <objectName>GBIF Occurrence Download</objectName>
                  <characterEncoding>UTF-8</characterEncoding>
                  <dataFormat>
                      <externallyDefinedFormat>
                          <formatName>Darwin Core Archive</formatName>
                      </externallyDefinedFormat>
                  </dataFormat>
                  <distribution>
                      <online>
                          <url function="download">http://api.gbif.org/v1/occurrence/download/request/0015779-180131172636756.zip</url>
                      </online>
                  </distribution>
              </physical>
              <resourceLogoUrl>http://ipt.sanbi.org.za/iptsanbi/logo.do?r=precis</resourceLogoUrl>
      </gbif>
    </metadata>
</additionalMetadata>

</eml:eml>
